Workbook
Name aaaa: 'جدول کلی مددجوها'!$1:$1048576
Name aaaq: 'جدول کلی مددجوها'!$B$3:$H$7
Name eeee: ' اطلاعات ورودد مددجو'!$1:$51
Name etela: '[1] اطلاعات ورودد مددجو'!$1:$30
Name etela: '[2] اطلاعات ورودد مددجو'!$1:$30
Name etela: ' اطلاعات ورودد مددجو'!$1:$30
Name kamel: ' اطلاعات ورودد مددجو'!$1:$1048576
Name kha: 'لیست واریزی کل خیرین'!$B:$E
Name kj: ' اطلاعات ورودد مددجو'!$B$1
Name kj: #REF!
Name kj: #REF!
Name kj: #REF!
Name kj: #REF!
Name kod: '[3]2'!$J$5
Name koli: 'جدول کلی مددجوها'!$B:$AZ
Name list: 'لیست واریزی کل خیرین'!$D:$E
Name madad: #REF!
Name madad: #REF!
Name madad: #REF!
Name madad: #REF!
Name mah: '[1]لیست واریزی ماهیانه'!$Q$2:$R$13
Name mah: '[2]لیست واریزی ماهیانه'!$Q$2:$R$13
Name mah: 'لیست واریزی ماهیانه'!$Q$2:$R$13
Name nam: 'خلاصه هزینه کرد مددجوها'!$B:$D
Name nam: #REF!
Name qq: '[1]گزارش رداخت خیرین'!$T$1
Name qq: '[2]گزارش رداخت خیرین'!$T$1
Name qq: 'گزارش رداخت خیرین'!$T$1
Name ta: 'ریزهزینه کرد مددجوها'!$T$1:$U$12
Name ta: #REF!
Name varizi: 'لیست واریزی کل خیرین'!$L$3:$W$80
Name varizi: '[1]لیست واریزی کل خیرین'!$G$3:$R$93
Name varizi: '[2]لیست واریزی کل خیرین'!$G$3:$R$80
Name varizi: 'لیست واریزی کل خیرین'!$L$3:$W$149

Sheet وزن دهی تاثیر اعضای هیت موسس
C1: فرزاد فرشید | F1: فرید برهان علمی | H1: بهنام بهرمن | J1: مهدی صنوبری | L1: محمد امینی | N1: اکبر روحانی
A2: ردیف | B2: نام | C2: نسبت | D2: کمک نقدی (ریال) | E2: کمک غیرنقدی | F2: کمک نقدی (ریال) | G2: کمک غیرنقدی | H2: کمک نقدی (ریال) | I2: کمک غیرنقدی | J2: کمک نقدی (ریال) | K2: کمک غیرنقدی | L2: کمک نقدی (ریال) | M2: کمک غیرنقدی | N2: کمک نقدی (ریال) | O2: کمک غیرنقدی
A3: 1 | B3: فرزاد فرشید | C3: NA | D3: ='لیست واریزی کل خیرین'!F13 -> 1090000000 | E3: انجام امور پیگری واریزها و هماهنگی جلسات
A4: 2 | B4: محمد برجسته | C4: شوهر خواهر | D4: ='لیست واریزی کل خیرین'!F23 -> 460000000 | E4: اختصاص فضای دفتر جهت جلسات گروه اجرایی
A5: 3 | B5: فیروزه فرشید | C5: خواهر | D5: ='لیست واریزی کل خیرین'!F54 -> 5000000 | E5: مشارکت در وظایف گروه اجرایی به میزان سه روز در هفته
A6: 4 | B6: آرش رجب پور | C6: دوست | D6: ='لیست واریزی کل خیرین'!F21 -> 120000000 | E6: NA
A7: 5 | B7: علی مولایی | C7: دوست | D7: ='لیست واریزی کل خیرین'!F26 -> 100000000 | E7: NA
A8: 6 | B8: جعفری آزاد | C8: دوست | D8: ='لیست واریزی کل خیرین'!F27 -> 30000000 | E8: NA
A9: 7 | B9: مهندس میربلوک | C9: دوست | D9: ='لیست واریزی کل خیرین'!F30 -> 40000000 | E9: NA
A10: 8 | B10: خانم امین آقایی | C10: دوست | D10: ='لیست واریزی کل خیرین'!F33 -> 10000000 | E10: NA
A11: 9 | B11: دکتر صفایی | C11: دوست | D11: ='لیست واریزی کل خیرین'!F34 -> 5000000 | E11: NA
A12: 10 | B12: امیر آقازاده | C12: دوست | D12: ='لیست واریزی کل خیرین'!F35 -> 10000000 | E12: NA
A13: 11 | B13: بهرام هجرانی | C13: دوست | D13: ='لیست واریزی کل خیرین'!F36 -> 110000000 | E13: NA
A14: 12 | B14: فرید برهان علمی | C14: NA | F14: ='لیست واریزی کل خیرین'!J4 -> 397500000 | G14: انجام کارهای اجرایی بنیاد به صورت تمام وقت، انجام کارهای حسابداری و...
A15: 13 | B15: داوود بامیری | C15: شوهر خواهر | F15: ='لیست واریزی کل خیرین'!F11 -> 70000000 | G15: اهدای موردی کفش و لباس از برند 361
A16: 14 | B16: محمدرضا پوررضایی | C16: دوست | F16: ='لیست واریزی کل خیرین'!F28 -> 470000000 | G16: در اختیار قراردادن امکانات مجموعه آرمیتاژ جهت کمک به کارهای مربوط به ساخت و ساز برای محرومان
A17: 15 | B17: نازنین سیستار | C17: دوست | F17: ='لیست واریزی کل خیرین'!F39 -> 490000000 | G17: فراهم آوردن امکان کارآموزی دختران تحت پوشش در شرکت دندانسازی
A18: 16 | B18: فرخ قزلی | C18: دوست | F18: ='لیست واریزی کل خیرین'!F41 -> 12000000
A19: 17 | B19: رضا پوررضایی | C19: دوست | F19: ='لیست واریزی کل خیرین'!F43 -> 250000000 | G19: علاوه بر هدیه ماهیانه،پرداخت مبلغ 6 میلیون تومان ماهیانه جهت اجاره محل دفتر مرکز مشاوره کودکان و خانواده های نیازمند
A20: 18 | B20: بابک امیری | C20: دوست | F20: ='لیست واریزی کل خیرین'!F45 -> 51175000
A21: 19 | B21: شایا شاهرضایی | C21: دوست | F21: ='لیست واریزی کل خیرین'!F47 -> 15000000
A22: 20 | B22: حمید محرابی | C22: دوست | F22: ='لیست واریزی کل خیرین'!F48 -> 20000000
B23: حمید آقاجانی | C23: دوست | F23: _ | G23: اهدای کابینتهای آشپزخانه دبیرستان رستگارمقدم
A24: 21 | B24: افشین پاکزادنیا | C24: دوست | F24: 250000000
A25: 22 | B25: بهنام بهرمن | C25: NA | H25: ='لیست واریزی کل خیرین'!F5 -> 250000000
A26: 23 | B26: خیرین ناشناس | C26: دوست | H26: 23000000
A27: 24 | B27: مهدی صنوبری | C27: NA | J27: ='لیست واریزی کل خیرین'!F9 -> 42000000 | K27: انجام کارهای مربوط به ثبت بنیاد و سرکشی به یکی از دختران بنیاد در تربت
A28: 25 | B28: مادر مهدی صنوبری | C28: مادر | J28: ='لیست واریزی کل خیرین'!F32 -> 10000000
A29: 26 | B29: محمد امینی | C29: NA | L29: ='لیست واریزی کل خیرین'!F44 -> 20000000 | M29: مشارکت در وظایف گروه اجرایی به میزان سه روز در هفته
A30: 27 | B30: اکبر روحانی | C30: NA | N30: ='لیست واریزی کل خیرین'!F6 -> 300000000 | O30: اهدای ظروف چینی مربوط به آشپزخانه دبیرستان رستگارمقدم
A31: 28 | B31: مهدی تولیت | C31: دوست | N31: ='لیست واریزی کل خیرین'!F42 -> 32000000
B32: جمع کل: | D32: =SUM(D3:D13) -> 1980000000 | F32: =SUM(F3:F31) -> 2025675000 | H32: =SUM(H3:H31) -> 273000000 | J32: =SUM(J3:J31) -> 52000000 | L32: =SUM(L3:L31) -> 20000000 | N32: =SUM(N3:N31) -> 332000000
D39: =SUM(D3:D13) -> 1980000000 | F39: =SUM(F14:F24) -> 2025675000

Sheet فرم سلامت کودک
A1: Child Health Form (CHF) | K1: فرم سلامت کودک | Q1: 1 | W1: 1377
W2: 1378
C3: 1401 | D3: 2 | E3: 2 | F3: تاریخ بررسی : | I3: پسر | J3: جنسیت: | K3: =HLOOKUP(Q1,etela,2,0) -> ریحانه نوری شفیق | N3: نام و نام خانوادگی: | S3: پسر | T3: 1400 | U3: 1 | V3: 1 | W3: 1379
A4: asxax | F4: محل تولد: | K4: 1392 | L4: 2 | M4: 1 | N4: تاریخ تولد : | S4: دختر | T4: 1401 | U4: 2 | V4: 2 | W4: 1380
A5: asxx | F5: محل صدور: | J5: نام پدر : | K5: kjhgff | N5: ش شناسنامه/کدملی: | S5: ناقص | T5: 1402 | U5: 3 | V5: 3 | W5: 1381
K6: kjhgff | N6: استان محل سکونت : | S6: کامل | T6: 1403 | U6: 4 | V6: 4 | W6: 1382
A7: jhggfd | N7: آدرس محل سکونت : | T7: 1404 | U7: 5 | V7: 5 | W7: 1383
K8: asads | N8: کدپستی: | T8: 1405 | U8: 6 | V8: 6 | W8: 1384
A9: asxax | F9: نمابر : | K9: asads | N9: تلفن : | T9: 1406 | U9: 7 | V9: 7 | W9: 1385
I10: csdcdsc | N10: پست الکترونیکی : | T10: 1407 | U10: 8 | V10: 8 | W10: 1386
N11: بررسی سوابق دانش آموز از وضعیت ایمنی تا 6 سالگی | T11: 1408 | U11: 9 | V11: 9 | W11: 1387
F12: نوبت | J12: نوع واکسن ناقص | M12: ناقص | N12: ایمن سازی : | T12: 1409 | U12: 10 | V12: 10 | W12: 1388
N13: درصورت ناقص بودن تاریخ تکمیل : | T13: 1410 | U13: 11 | V13: 11 | W13: 1389
U14: 12 | V14: 12 | W14: 1390
V15: 13 | W15: 1391
V16: 14 | W16: 1392
V17: 15 | W17: 1393
N18: سوابق بیماری | V18: 16 | W18: 1394
N19: توضیحات: | V19: 17 | W19: 1395
V20: 18 | W20: 1396
V21: 19 | W21: 1397
V22: 20 | W22: 1398
V23: 21 | W23: 1399
V24: 22 | W24: 1400
N25: آزمایشات یا چکاپ پزشکی | V25: 23 | W25: 1401
N26: اگر نیاز دارد، توضیحات : | V26: 24 | W26: 1402
V27: 25 | W27: 1403
V28: 26 | W28: 1404
V29: 27 | W29: 1405
N30: سایرموارد | V30: 28 | W30: 1406
N31: نیاز به خدمات خاصی ندارد | V31: 29 | W31: 1407
N32: اگردارد توضیحات: | V32: 30 | W32: 1408
V33: 31 | W33: 1409
W34: 1410
W35: 1411

Sheet جدول کلی مددجوها
B1: 1 | C1: 2 | D1: 3 | E1: 4 | F1: 5 | G1: 6 | H1: 7 | I1: 8 | J1: 9 | K1: 10 | L1: 11 | M1: 12 | N1: 13 | O1: 13 | P1: 14 | Q1: 15 | R1: 16 | S1: 17 | T1: 18 | U1: 19 | V1: 20 | W1: 21
A2: ردیف | B2: کد مددجو | C2: نام | D2: نام خانوادگی | E2: نام پدر | F2: نام مادر | G2: تاریخ تولد | H2: کد ملی | I2: محل تولد | J2: پایه تحصیلی | K2: رشته | L2: مدرسه | M2: آدرس | N2: شماره تلفن | O2: شماره تلفن ولی | P2: کتاب کمک درسی/غیردرسی | Q2: کلاس کنکور | R2: مشاور تحصیلی | S2: معلم خصوصی | T2: خدمات درمانی | V2: توضیحات | W2: آدرس مدرسه
A3: 1 | B3: 1 | C3: ریحانه | D3: نوری شفیق | E3: عبدالحکیم | F3: لیلی ظهوریان شفیق | G3: 1385/05/06 | H3: 0928177246 | I3: مشهد | J3: یازدهم | K3: ریاضی | L3: حضرت خدیجه | M3: رسالت 136- خیابان امام خمینی- امام خمینی 2- پلاک 36 | N3: 09381233298/ 09398771647 خواهر | O3: 09381233298/ 09398771647 خواهر | P3: سه عدد کتاب اقتصاد و فلسفه(شهر کتاب)-تست فیزیک ریاضیات آمارواحتمال(جزوه)-شیمی-جزوه حرکت شناسی-جزوه هندسه-جزوه فیزیک(الکتریسیته جاری)-عربی-فیزیک-حسابان1 | Q3: ــــــــــــــ | R3: خانم قوامی | S3: ــــــــــــــ | T3: ــــــــــــــ | V3: نیاز شدید به مشاوره دارد و در حال حاضر همکاری نمی کند.
A4: 2 | B4: 2 | C4: ریحانه | D4: طراقی فرد | E4: علی اکبر | F4: سکینه رنجبر | G4: 1386/05/13 | H4: 0928744272 | I4: مشهد | J4: دهم | K4: علوم انسانی | L4: حضرت خدیجه | M4: رسالت 136-خیابان امام خمینی21-شهریار 4 پلاک 27 | N4: 09392569929 09025734904 مادر | O4: 09392569929 09025734904 مادر | P4: دروس طلایی*- منطق10* -ریاضی1 منودرسام*- عربی* - اقتصاد- اقتصاد*- جامعه*- منطق10*- ریاضی-فنون دهم- منطق*- | R4: خانم قوامی | V4: علاقمند به رشته دبیری است
A5: 3 | B5: 3 | C5: زهرا | D5: قهستانی | E5: مجتبی | F5: نرگس قوی | G5: 1386/01/04 | H5: 0928539733 | I5: مشهد | J5: دهم | K5: ریاضی | L5: حضرت خدیجه | M5: رسالت 138-امام خمینی 3-رخش بهار 8-پلاک 37 | N5: 09373250328 09363307472 پ 09360772378 م | O5: 09373250328 09363307472 پ 09360772378 م | P5: دروس طلایی تجربی*-منو درسام(انگلیسی)* | R5: خانم قوامی | V5: علاقمند به تحصیل در دانشگاه فرهنگیان
A6: 4 | B6: 4 | C6: مهلا | D6: قهستانی | E6: حسین | F6: فاطمه ابراهیم پور | G6: 1386/05/30 | H6: 0928779262 | I6: مشهد | J6: دهم | K6: تجربی | L6: حضرت خدیجه | M6: رسالت 136-امام خمینی 12-پلاک 6 | N6: 09228665372 09357415452 پ 09302849676 م | O6: 09228665372 09357415452 پ 09302849676 م | P6: دروس طلایی تجربی*-منو درسام(انگلیسی)* | R6: خانم قوامی | V6: علاقمند به رشته پزشکی
A7: 5 | B7: 5 | C7: رقیه | D7: رضاپور | E7: محمد رضا | F7: بسته گل احمدی | G7: 1386/01/18 | H7: 0671175866 | I7: بجنورد | J7: دهم | K7: تجربی | L7: حضرت خدیجه | M7: رسالت 134-خیابان شهید غلامی-کنار مسجد سید الشهدا | N7: 09929983735 09017614576 م 09157171782 م 09333752599 پ | O7: 09929983735 09017614576 م 09157171782 م 09333752599 پ | P7: دروس طلایی تجربی*-منو درسام(انگلیسی)* | R7: خانم قوامی | V7: علاقمند به رشته پزشکی
A8: 6 | B8: 6 | C8: راضیه | D8: رضاپور | E8: محمد رضا | F8: بسته گل احمدی | G8: 1386/01/18 | H8: 0671175841 | I8: بجنورد | J8: دهم | K8: ریاضی | L8: آرمیتا مصلی نژاد | M8: رسالت 134-خیابان شهید غلامی-کنار مسجد سید الشهدا | N8: 09157171782 09017614576 م 09333752599 پ | O8: 09157171782 09017614576 م 09333752599 پ | V8: علاقمند به رشته مهندسی کامپیوتر
A9: 7 | B9: 7 | C9: ربابه | D9: رضاپور | E9: محمد رضا | F9: بسته گل احمدی | G9: 1386/01/18 | I9: بجنورد | J9: دهم | K9: انسانی | L9: حضرت خدیجه | M9: رسالت 134-خیابان شهید غلامی-کنار مسجد سید الشهدا | N9: 09929568872 09017614576 م 09333752599 پ | O9: 09929568872 09017614576 م 09333752599 پ | P9: منطق10* -ر یاضی1 (منو درسام)* - اقتصاد-جامعه*-منطق* | R9: خانم قوامی | V9: علاقمند به وکالت
A10: 8 | B10: 8 | C10: پریسا | D10: اعتماد منش | E10: محمد | F10: زهره عامری | G10: 1385/06/28 | H10: 0928280098 | I10: مشهد | J10: دوازدهم | K10: تجربی | L10: آرمیتا مصلی نزاد | M10: توس 33- شکری2-سه قطعه مانده به چهارراه اوت-سمت راست-طبقه 4 | N10: 09900785044 09035063996 پ | O10: 09900785044 09035063996 پ | P10: سلامت و بهداشت-سه سطحی زبان3-سه سطحی فارسی3 موج آزمون عربی-زبان انگلیسی جامع کنکور*-جزوه عربی-زیست شناسی جامع-جزوه فیزیک پایه(10و11)ریاضیات تجربی جامع-دروس طلایی(کلیه دروس) | V10: علاقمند به رشته پزشکی
A11: 9 | B11: 9 | C11: فاطمه | D11: موسوی | E11: میرحسین | G11: 1384/02/04 | H11: 091020180399 | I11: افغانستان | J11: دوازدهم | K11: تجربی | L11: حضرت خدیجه | M11: آخر خیابان رسالت-روستای قرقی سفلا-خیابان کشمیری 36-بعد از چهارراه اول-پلاک 39 | N11: 09378969874 م 09379706423 پ | O11: 09378969874 م 09379706423 پ | P11: عربی جامع*-زبان انگلیسی جامع کنکور*-شیمی3(کنکور99)-حسابان2تست فیزیک-ریاضیات گسسته-کتاب نوروز ریاضی ج1-فیزیک پایه(10و11)فیزیک3(12)- جزوه زیست شناسی-زیست شناسی و آزمایشگاه2-زیست شناسی جامع-شیمی پایه(10و11)ریاضیات جامع- | R11: خانم قوامی | V11: علاقمند به رشته پزشکی(متخصص مغز و اعصاب)
A12: 10 | B12: 10 | C12: مریم | D12: رحمانی | E12: نعمت الله | F12: طاهره شاه نقی | G12: 1383/09/14 | H12: 0928335204 | I12: مشهد | J12: دوازدهم | K12: ریاضی | L12: حضرت خدیجه | M12: رسالت 120-رجایی 6- پلاک 45(داخل میلان-کنار مدرسه غیرانتفاعی پسرانه-زنگ سوم | N12: 09380617293 09057403341 م 09397976616 پ | O12: 09380617293 09057403341 م 09397976616 پ | P12: مجموعه کتابهای عطارد(دستور زبان فارسی)-جزوه عربی سه سطحی شیمی پایه-3سطحی فیزیک-3سطحی ریاضیات گسسته و آمار-3سطحی هندسه-فیزیک دوازدهم(بانک تست)هندسه جامع-جامع ریاضیات گسسته و احتمال-جزوه آمارواحتمال-جزوه هندسه3-جزوه کنکور هندسه(10و11)-حسابان وریاضیات پایه ج1و2-موج آزمون هندسه-موج آزمون ریاضی-موج آزمون ریاضیات گسسته و..-شیمی جامع-فیزیک موج آزمون | R12: خانم قوامی | V12: کتابهای کمک آموزشی لازم دارد
A13: 11 | B13: 11 | C13: ناهید | D13: کمالی گروی | E13: حسین | F13: زینب مهربان رزگی | G13: 1385/09/18 | H13: 0928394174 | I13: مشهد | J13: دهم | K13: ریاضی | L13: حضرت خدیجه | M13: رسالت 130-غلامی 18-پلاک 21 | N13: 09059908418 09152067310 م 09908878616 پ | O13: 09059908418 09152067310 م 09908878616 پ | P13: واژگان ضروری انگلیسی-اقتصاد ویژه کنکور-علوم و فنون ادبی عربی*-جامعه*-منطق*- | R13: خانم قوامی
A14: 12 | B14: 12 | C14: الهام | D14: صمدی سعادت آباد | E14: هاشم | F14: فاطمه بخشی | G14: 1385/07/22 | H14: 0721083781 | I14: تربت جام | J14: دهم | K14: انسانی | L14: آرمیتا مصلی نژاد | M14: توس 97-الزهرای 10-چهل حجره 17- پلاک 38 | N14: 09150090658 09940117245 09156484356 م 09159095701 پ | O14: 09150090658 09940117245 09156484356 م 09159095701 پ | V14: با مادربزرگش زندگی میکند-مشکل گوش و چشم دارد-مادرش جدا شده است
A15: 13 | B15: 13 | C15: کوثر | D15: مولایی | E15: ستار | F15: فاطمه دارابی شلم زار | G15: 1383/12/14 | H15: 0927602172 | I15: تهران | J15: دوازدهم | K15: تجربی | L15: دبیرستان شاهد | M15: بلوار دوم طبرسی-طبرسی 4-نظام دوست 24-غفاری 30-پلاک 1-طبقه همکف | N15: 09053110021 09398957719 م | O15: 09053110021 09398957719 م | P15: دور دنیا در 4ساعت(کل دروس تجربی)-سلامت و بهداشت عربی جامع*-ادبیات جامع-حفظیات شیمی کنکور-دور دنیا در 4ساعت(12 دوره) زیست شناسی پایه(10و11)-شیمی جامع-زیست شناسی پایه دهم و یازدهم
A16: 14 | B16: 14 | C16: زهرا | D16: تاتاری | E16: مهدی | F16: آمنه قایمی | G16: 1385/02/06 | H16: 0025909738 | I16: تهران | J16: یازدهم | K16: تجربی | L16: دبیرستان نرجس (شهرستان زاوه- شهر دولت آباد) | M16: خراسان رضوی-شهرستان زاوه-قلعه حسن خان | N16: 09945192457 09908177165 م | O16: 09945192457 09908177165 م | P16: دروس طلایی-زیست | V16: معرف خانم سمیعی
A17: 15 | B17: 15 | C17: یگانه | D17: رجایی سمرا | E17: حسین | F17: فرزانه صدیقی (زبرخان) | G17: 1385/12/15 | H17: 0928551113 | I17: مشهد | J17: دهم | K17: تجربی | L17: رستگار مقدم | M17: توس 43-غلامی6-رادمرد 7-انتهای کوچه-سمت راست | N17: 09397686036 09353218951 م | O17: 09397686036 09353218951 م | V17: ناپدری نامرد-اختلافات شدید خانوادگی-معرف آقای نقیبی
A18: 16 | B18: 16 | C18: یگانه | D18: خردمند سنجد بوری | E18: سید حسین | F18: عصمت قربانی | G18: 1384/10/21 | H18: 0927912678 | I18: مشهد | J18: یازدهم | K18: تجربی | L18: رستگار مقدم | M18: حر13- کوچه 54-(سر درب منزل نوشته دعای کمیل) | N18: 09045235720 | O18: 09156286174 م | P18: فیزیک(سیرتاپیاز)-دروس طلایی | V18: افسردگی شدید-(از دخترهای آقای نقیبی هستند)
A19: 17 | B19: 17 | C19: کوثر | D19: فارقی | F19: زهرا مختاری | H19: 0928729826 | J19: دهم | K19: انسانی | L19: رستگار مقدم | M19: بابانظر 18-حسینی محراب 93-خادمی 6 پلاک 160 (پنجتن 3-سلمان 6-پلاک 160) | N19: 09305985342 09360554032 خواهر 09300610960 م 09305985396 | O19: 09305985342 09360554032 خواهر 09300610960 م 09305985396 | V19: دو گربه
A20: 18 | B20: 18 | C20: ریحانه | D20: نجفی | E20: احمد | G20: 1385/11/02 | H20: 0950047384 | I20: مشهد | J20: دهم | K20: تجربی | L20: رستگار مقدم | M20: شهرک شهید رجایی-حر 54/24- پلاک 108- طبقه دوم | N20: 09152548041 09352584850 09156019826 خواهر | O20: 09152548041 09352584850 09156019826 خواهر | V20: سرخس بوده-پدر و مادر فوت کردن-شوهر خواهر در زندان-شرایط بسیار بدب دارد-از دادگاه حکم رشد گرفته است | W20: اروند 21
A21: 19 | B21: 19 | C21: نادیا | D21: احمدی | E21: عبدالرحمن | F21: رحیمه احمدی | G21: 1383/01/15 | H21: P03085763 | I21: هرات | J21: دوازدهم | K21: ریاضی | L21: حضرت خدیجه | M21: جاده سیمان-رسالت 136-امام خمینی 21-شهریار 2- پلاک 26 | N21: 09159230957 م 09306154558 پ | O21: 09159230957 م 09306154558 پ | V21: در طراحی و گرافیک بسیار بااستعداد-مشکل شنوایی دارد و نیاز به سمعک دارد-از نظر مکالمه و صحبت کردن مشکل دارد-علاقمند به کامپیوتر-برنامه نویس-طراحی پوستر و اینفو گرافی
A22: 20 | B22: 20 | C22: پری | D22: زارع | E22: غلامعلی | F22: شهناز دلدار | G22: 1384/09/09 | H22: 0820611743 | I22: شیروان | J22: دهم | K22: تجربی | L22: رستگار مقدم | N22: 09915317983 09352523868 م | O22: 09915317983 09352523868 م
A23: 21 | B23: 21 | C23: ملیکا | D23: نماز | E23: جواد | F23: مرجان عمرانی | G23: 1395/03/29 | H23: 6500294351 | I23: تربت حیدریه | J23: اول دبستان | L23: دبستان بعثت | M23: نخریسی-احزاب 9- پتاک 405 (چهارراه مقدم-پروین اعتصامی 8-سلیمانیمنش 10-پلاک 405) | N23: 09159140096 م 09945583303 م | O23: 09159140096 م 09945583303 م | V23: معرف مسعود خازنی
A24: 22 | B24: 22 | C24: مهدیار | D24: نماز | E24: جواد | F24: مرجان عمرانی | G24: 1390/09/24 | H24: 0970439210 | I24: مشهد | J24: پنجم دبستان | L24: دبستان بهادر زاده | M24: نخریسی-احزاب 9- پتاک 405 (چهارراه مقدم-پروین اعتصامی 8-سلیمانیمنش 10-پلاک 405) | N24: 09159140096 م 09945583303 م | O24: 09159140096 م 09945583303 م | V24: معرف مسعود خازنی پدر معتاد
A25: 23 | B25: 23 | C25: محمد رضا | D25: سروری | J25: پنجم دبستان | L25: دبستان بهادر زاده | M25: نخریسی -احزاب 4-پلاک 471 | N25: 09051762599 م | O25: 09051762599 م
A26: 24 | B26: 24 | C26: کمیل | D26: سروری | J26: سوم دبستان | L26: دبستان بهادر زاده | M26: نخریسی ا-حزاب 4-پلاک 471 | N26: 09051762599 م | O26: 09051762599 م
A27: 25 | B27: 25 | C27: مبینا | D27: عباسی | J27: یازدهم | K27: تجربی | L27: رستگار مقدم
A28: 26 | B28: 26 | C28: الناز | D28: حبیب زاده | E28: علی اکبر | G28: 1383/11/06 | H28: 0927429055 | J28: دوازدهم | K28: تجربی | L28: مصلی نزاد | M28: سه راه فردوسی-شاهنامه 35-شهید شعبانی 22 | N28: 09362939144 الناز و مادر 09353547499 پ | O28: 09362939144 الناز و مادر 09353547499 پ | V28: منزل نیمه کاره در روستا
A29: 27 | B29: 27 | C29: نرگس | D29: علی نژاد یادگار | E29: تیمور | G29: 1386/06/04 | H29: 0928807916 | I29: مشهد | J29: دهم | K29: تجربی | L29: مصلی نزاد | M29: توس 91-خالقی9-پلاک 47 | N29: 09376893476 09362616810 م | O29: 09376893476 09362616810 م | V29: نیاز به کلاسهای تقویتی دارد-علاقمند به پزشکی
A30: 28 | B30: 28 | C30: زینب | D30: ادبی یکه باغی | E30: شعبان | G30: 1384/12/27 | H30: 0770332455 | J30: یازدهم | K30: تجربی | L30: مصلی نزاد | M30: توس 159-قبل از جاده خاکی-سمت چپ | N30: 09932666021 09156920446 م | O30: 09932666021 09156920446 م | V30: علاقمکد به پزشکی-نیاز به مشاوره دارد-کتابهای خیلی سبز میخواند-علاقه به موسیقی و ورزش
A31: 29 | B31: 29 | C31: آتنا | D31: جر | E31: محمدرضا | G31: 1384/07/25 | H31: 0927858983 | J31: یازدهم | K31: تجربی | L31: مصلی نزاد | M31: توس 117-اسماعیل آباد-روبروی مدرسه جواد المه-پلاک 17 | N31: 09020882279 م 05136655064 مدرسه | O31: 09020882279 م 05136655064 مدرسه | V31: تحت پوشش بهزیستی
A32: 30 | B32: 30 | C32: مبینا | D32: علیزاده | N32: 09309861852 | O32: 09309861852
A33: 31 | B33: 31 | C33: یگانه | D33: محمد دوست | E33: یاور | F33: خیرالنسا | G33: 1385/12/22 | H33: 0928635236 | I33: مشهد | J33: دهم | K33: تجربی | L33: حضرت زینب | M33: شهرک شهید رجایی-روستای کنه بیست-تربیت 2 | N33: 09309935285 | O33: 09152364032
A34: 32 | B34: 32 | C34: رقیه | D34: الزوینی | E34: علی | G34: 1386/05/09 | H34: 9162124328 | M34: جاده سیمان-همت آباد-رسالت 129-خیابان طالقانی دو-کوچه قبل دبیرستان-شهید مطهری-(بوستان) یک-بمبست اول-پلاک 1 | N34: 09368865778 09156969665 پ 09156468517 م | O34: 09368865778 09156969665 پ 09156468517 م | V34: دانش آموز زرنگ-مهاجر عراقی
A35: 33 | B35: 33 | C35: عارفه | D35: آذرنگ | E35: مجتبی | F35: عفت | G35: 1386/04/09 | H35: 0928708411 | I35: مشهد | M35: جاده سیمان-رسالت 168-رسالت 168/9-پلاک 9 | N35: 09045886491 09358851503 پ | O35: 09045886491 09358851503 پ
A36: 34 | B36: 34 | C36: یگانه | D36: عبدالله زاده | N36: 09920748929 | O36: 09920748929
A37: 35 | B37: 35
A38: 36 | B38: 36
A39: 37 | B39: 37
V40: علاقمند به دندانپزشکی-جراح فک و دهان

Sheet  فرم مشخصات کودک
A1: Child Log Format (CLF) | K1: فرم مشخصات کودک | W1: 1377
W2: 1378
R3: 01 | S3: پسر | T3: 1400 | U3: 1 | V3: 1 | W3: 1379
I4: معرفی توسط: | L4: 1401 | M4: 4 | N4: 11 | O4: تاریخ شروع سرپرستی : | R4: 02 | S4: دختر | T4: 1401 | U4: 2 | V4: 2 | W4: 1380
E5: 01 | F5: کدمددجو : | H5: دختر | I5: جنسیت: | J5: ghjj | O5: نام و نام خانوادگی : | R5: 03 | S5: ناقص | T5: 1402 | U5: 3 | V5: 3 | W5: 1381
F6: 1385 | G6: 6 | H6: 8 | I6: تاریخ تولد: | J6: ghjj | O6: محل تولد : | R6: 04 | S6: کامل | T6: 1403 | U6: 4 | V6: 4 | W6: 1382
A7: bvc | I7: محل صدور: | J7: ghjj | O7: ش شناسنامه/کد ملی: | R7: 05 | S7: اول | T7: 1404 | U7: 5 | V7: 5 | W7: 1383
A8: bvc | I8: نام پدر: | J8: ghjj | O8: استان محل سکونت : | R8: 06 | S8: دوم | T8: 1405 | U8: 6 | V8: 6 | W8: 1384
A9: ghhh | O9: آدرس محل سکونت : | R9: 07 | S9: سوم | T9: 1406 | U9: 7 | V9: 7 | W9: 1385
K10: ssss | O10: کد پستی: | R10: 08 | S10: چهارم | T10: 1407 | U10: 8 | V10: 8 | W10: 1386
A11: eeee | J11: نمابر: | K11: 13444 | O11: تلفن : | R11: 09 | S11: پنجم | T11: 1408 | U11: 9 | V11: 9 | W11: 1387
A12: hodakashi@gmail.com | O12: پست الکترونیک : | R12: 10 | S12: ششم | T12: 1409 | U12: 10 | V12: 10 | W12: 1388
O13: تحصیلات | R13: 11 | S13: هفتم | T13: 1410 | U13: 11 | V13: 11 | W13: 1389
F14: معدل : | J14: رشته تحصیلی : | M14: اول | O14: مقطع تحصیلی : | R14: 12 | S14: هشتم | U14: 12 | V14: 12 | W14: 1390
O15: آدرس محل تحصیل : | R15: 13 | S15: نهم | V15: 13 | W15: 1391
O16: کد پستی: | R16: 14 | S16: دهم | V16: 14 | W16: 1392
J17: نمابر: | O17: تلفن /همراه : | R17: 15 | S17: یازدهم | V17: 15 | W17: 1393
O18: پست الکترونیک : | R18: 16 | S18: دوازدهم | V18: 16 | W18: 1394
O19: سایر موارد | R19: 17 | S19: دانشجوی ترم1 | V19: 17 | W19: 1395
O20: استعداد : | R20: 18 | S20: دانشجوی ترم2 | V20: 18 | W20: 1396
R21: 19 | S21: دانشجوی ترم3 | V21: 19 | W21: 1397
R22: 20 | S22: دانشجوی ترم 4 | V22: 20 | W22: 1398
R23: 21 | S23: دانشجوی ترم5 | V23: 21 | W23: 1399
O24: علاقه مندی : | R24: 22 | S24: دانشجوی ترم6 | V24: 22 | W24: 1400
R25: 23 | S25: دانشجوی ترم 7 | V25: 23 | W25: 1401
R26: 24 | S26: دانشجوی ترم 8 | V26: 24 | W26: 1402
R27: 25 | V27: 25 | W27: 1403
O28: نیاز سنجی: | R28: 26 | V28: 26 | W28: 1404
J29: کمک هزینه تحصیلی (ابزار،پوشاک ،...) | R29: 27 | V29: 27 | W29: 1405
K30: هزینه پوشاک | R30: 28 | V30: 28 | W30: 1406
K31: هزینه پزشکی | R31: 29 | V31: 29 | W31: 1407
O32: توضیحات : | R32: 30 | V32: 30 | W32: 1408
R33: 31 | V33: 31 | W33: 1409
R34: 32 | W34: 1410
R35: 33 | W35: 1411
R36: 34
R37: 35
R38: 36
R39: 37
R40: 38
R41: 39
R42: 40
R43: 41
R44: 42
R45: 43
R46: 44
R47: 45
... R52: 50

Sheet  اطلاعات ورودد مددجو
B1: k1 | C1: m1 | D1: S | F1: کد مددجو | G1: 1 | H1: 2 | I1: 3 | J1: 4 | K1: 5 | L1: 6 | M1: 7 | N1: 8 | O1: 9 | P1: 10 | Q1: 11 | R1: 12 | S1: 13 | T1: 14 | U1: 15 | V1: 16 | W1: 17 | X1: 18 | Y1: 19 | Z1: 20 | AA1: 21 | AB1: 22 | AC1: 23 | AD1: 24 | AE1: 25 | AF1: 26 | AG1: 27 | AH1: 28 | AI1: 29 | AJ1: 30 | AK1: 31 | AL1: 32 | AM1: 33 | AN1: 34 | AO1: 35 | AP1: 36 | AQ1: 37 | AR1: 38 | AS1: 39 | AT1: 40 | AU1: 41 | AV1: 42 | AW1: 43 | AX1: 44 | AY1: 45 | AZ1: 46 | BA1: 47 | BB1: 48 | BC1: 49 | BD1: 50 | BE1: 51 | BF1: 52 | BG1: 53 | BH1: 54 | BI1: 55 | BJ1: 56 | BK1: 57 | BL1: 58 | BM1: 59 | BN1: 60 | BO1: 61
A2: 1 | B2: هزینه کلی موسسه | C2: هزینه کلی به مددجویان | D2: هزینه مربوط به تعمیرات مدارس از واریزی خانم عین علی | F2: نام و نام خانوادگی | G2: ریحانه نوری شفیق | H2: ریحانه طراقی فرد | I2: زهرا قهستانی | J2: مهلا قهستانی | K2: رقیه رضاپور | L2: راضیه رضاپور | M2: ربابه رضاپور | N2: پریسا اعتمادمنش | O2: فاطمه موسوی | P2: مریم رحمانی | Q2: ناهید کمالی گروی | R2: الهام صمدی | S2: کوثر مولایی | T2: زهرا تاتاری | U2: یگانه رجایی سمرا | V2: یگانه خرمند سنجدبوری | W2: کوثر فارقی | X2: ریحانه نجفی | Y2: نادیا احمدی | Z2: پری زارع | AA2: ملبکا نماز | AB2: مهدبار نماز | AC2: محمدرضا سروری | AD2: کمیل سروری | AE2: مبینا عباسی | AF2: الناز حبیب زاده | AG2: نرگس علینژاد | AH2: زینب ادبی یکه باغی | AI2: آتنا جر | AJ2: مبینا علیزاده | AK2: یگانه محمددوست | AL2: رقیه الزوینی | AM2: عارفه آذرنگ | AN2: یگانه عبدالله زاده | AO2: ثنا پور دوران | AP2: هدیه محمد پور جاغرق | AQ2: کوثر صفری | AR2: حانیه دشتبانی | AS2: فاطمه حیدرزاده | AT2: سیده شقایق محمودی زاده | AU2: مائده وفای فرخانی | AV2: فرزانه خوشگفتار | AW2: فرخنده خوشگفتار | AX2: ریحانه منفردی | AY2: احمد خاوری عدل | AZ2: صادق نجمی | BA2: امیرحسین محمدزاده | BB2: امیرحسین مودب | BC2: متین شاملی | BD2: امیر پارسا قویدل | BE2: محمدسجاد طوسی گروهی | BF2: امیرحسین بنا زاده | BG2: محمد امین تاتاری | BH2: فاطمه سادات سلطانی | BI2: سحر خادم حقیقی | BJ2: سارینا داوری | BK2: ثمین اکبری شاندیز | BL2: بهروز خباز ترشیزی | BM2: زهرا مروی | BN2: نوید مختاریه
A3: 2 | E3: =G3 -> 1385/05/06 | F3: تاریخ تولد : | G3: 1385/05/06 | H3: 1386/05/13 | I3: 1386/01/04 | J3: 1386/05/30 | K3: 1386/01/18 | L3: 1386/01/18 | M3: 1386/01/18 | N3: 1385/06/28 | O3: 1384/02/04 | P3: 1383/09/14 | Q3: 1385/09/18 | R3: 1383/09/14 | T3: 1385/02/06 | U3: 1385/12/15 | V3: 1384/10/21 | X3: 1385/11/02 | Z3: 1384/09/09 | AA3: 1395/03/29 | AB3: 1390/09/24
A4: 3 | E4: =G4 -> 0 | F4: محل تولد | N4: مشهد | O4: افغانستان | P4: مشهد | Q4: مشهد | T4: تهران | U4: مشهد | V4: مشهد | X4: مشهد | Z4: شیروان | AA4: تربت حیدریه | AB4: مشهد
A5: 4 | E5: =G5 -> 0 | F5: محل صدور: | N5: مشهد | P5: مشهد | Q5: مشهد | T5: تهران | U5: مشهد | V5: مشهد | X5: مشهد | Z5: شیروان | AA5: تربت حیدریه | AB5: مشهد
A6: 5 | E6: =G6 -> عبدالحکیم | F6: نام پدر | G6: عبدالحکیم | H6: علی اکبر | I6: مجتبی | J6: حسین | K6: محمدرضا | L6: محمدرضا | M6: محمدرضا | N6: محمد | O6: میرحسین | P6: نعمت الله | Q6: حسین | T6: مهدی | U6: حسين | V6: سید حسين | X6: احمد | Z6: غلامعلی | AA6: جواد | AB6: جواد
A7: 6 | E7: =G7 -> 0 | F7: نام مادر | T7: آمنه قابمی | U7: فرزانه صدیقی | V7: عصمت قربانی | W7: زهرا مختاری | X7: - | Z7: - | AA7: مرجان عمرانی | AB7: مرجان عمرانی
A8: 7 | E8: =G8 -> دختر | F8: جنسیت | G8: دختر | H8: دختر | I8: دختر | J8: دختر | K8: دختر | L8: دختر | M8: دختر | N8: دختر | O8: دختر | P8: دختر | Q8: دختر | R8: دختر | S8: دختر | T8: دختر | U8: دختر | V8: دختر | W8: دختر | X8: دختر | Y8: دختر | Z8: دختر | AA8: دختر | AB8: دختر | AC8: پسر | AD8: پسر | AE8: دختر | AF8: دختر | AG8: دختر | AH8: دختر | AI8: دختر | AJ8: دختر | AK8: دختر | AL8: دختر | AM8: دختر | AN8: دختر | AO8: دختر | AP8: دختر | AQ8: دختر | AR8: دختر | AS8: دختر | AT8: دختر | AU8: دختر | AV8: دختر | AW8: دختر | AX8: دختر | AY8: پسر | AZ8: پسر | BA8: پسر | BB8: پسر | BC8: پسر | BD8: پسر | BE8: پسر | BF8: پسر | BG8: پسر | BH8: دختر | BI8: دختر | BJ8: دختر | BK8: دختر
A9: 8 | E9: =G9 -> 0 | F9: شماره ملی / شماره شناسنامه | H9: 928744272 | I9: 928539733 | J9: 928779262 | N9: 928280098 | O9: 91020180399 | P9: 0927335204- | Q9: 0928394174- | T9: 0025909738- | U9: 0928551113- | V9: 0927912678- | W9: 0928729826- | X9: 0950047384- | Y9: 0929731451- | Z9: 0820611743- | AA9: 6500294351 | AB9: 0970439210-
A10: 9 | E10: =G10 -> مدرسه حضرت خدیجه | F10: معرف | G10: مدرسه حضرت خدیجه | H10: مدرسه حضرت خدیجه | I10: مدرسه حضرت خدیجه | J10: مدرسه حضرت خدیجه | K10: مدرسه حضرت خدیجه | L10: مدرسه حضرت خدیجه | M10: مدرسه حضرت خدیجه | N10: مدرسه آرمیتا مصلی نژاد- ناحیه تباتکان | O10: مدرسه حضرت خدیجه | P10: مدرسه حضرت خدیجه | Q10: مدرسه حضرت خدیجه | R10: مدرسه آرمیتا مصلی نژاد- ناحیه تباتکان | S10: دبیرستان شاهد | T10: خانم سمییعی | U10: دبیرستان رستگارمقدم | V10: دبیرستان رستگارمقدم | W10: دبیرستان رستگارمقدم | X10: دبیرستان رستگارمقدم | Y10: دبیرستان خدیجه | Z10: دبیرستان رستگارمقدم | AA10: مسعود خازنی | AB10: مسعود خازنی | AC10: مسعود خازنی | AD10: مسعود خازنی | AE10: خانم اورلی | AF10: خانم توکلی | AG10: خانم ارمغان | AI10: خانم ارمغان
A11: 10 | E11: =G11 -> 0 | F11: تاریخ شروع خدمات
A12: 11 | E12: =G12 -> رسالت 136- خیابان امام خمینی- امام خمینی 2 پلاک 36 | F12: آدرس محل سکونت | G12: رسالت 136- خیابان امام خمینی- امام خمینی 2 پلاک 36 | H12: رسالت 136- خیابان امام خمینی- امام خمینی 21- شهریار 4- پلاک 27 | I12: رسالت 136- خیابان امام خمینی- امام خمینی 3- رخش بهار 8- پلاک 37 | J12: رسالت 136- خیابان امام خمینی- امام خمینی 12- پلاک 6 | K12: رسالت 134- خیابان شهید غلامی-کنار مسجد سیداشهدا | L12: رسالت 134- خیابان شهید غلامی-کنار مسجد سیداشهدا | M12: رسالت 134- خیابان شهید غلامی-کنار مسجد سیداشهدا | N12: توس 33- شکری 2- وسط کوچه- سمت راست- منزل نیمه کاره | O12: کشمیری 36- بعد از چهارراه اول پلاک 39 | P12: رسالت 120- رجایی 6- پلاک 45 | Q12: غلامی 18- پلاک 21 | R12: توس 97- الزهرا 10- ... 17- پلاک 38 | T12: تربت حیدریه - روستای قلعه حسن خان | U12: توس 43 - غلامی 6- رادمرد 7 - انتهای کوچه سمت راست | V12: حر 13- کوچه 54- سردرب منزل(دعای کمیل) | W12: پنجتن 3- سلمان 6- پلاک 43 | X12: حر 56 | Z12: رسالت 71 - درب قهوه ای - پلاک 23 | AA12: چهارراه مقدم - پروین اعتصامی 8- سلیمانی منش 10- پلاک 405 | AB12: چهارراه مقدم - پروین اعتصامی 8- سلیمانی منش 10- پلاک 405
A13: 12 | E13: =G13 -> 0 | F13: کد پستی محل سکونت :
A14: 13 | E14: =G14 -> خانم توکلی | F14: معرفی توسط : | G14: خانم توکلی | H14: خانم توکلی | I14: خانم توکلی | J14: خانم توکلی | K14: خانم توکلی | L14: خانم توکلی | M14: خانم توکلی | N14: خانم ارمغان | O14: خانم توکلی | P14: خانم توکلی | Q14: خانم توکلی | R14: خانم توکلی | S14: آقای نقیبی | T14: خانم سمییعی | U14: آقای نقیبی | V14: آقای نقیبی | W14: آقای نقیبی | X14: آقای نقیبی | Z14: آقای نقیبی | AA14: مسعود خازنی | AB14: مسعود خازنی | AC14: مسعود خازنی | AD14: مسعود خازنی
A15: 14 | E15: =G15 -> 0 | F15: پست الکترونیکی :
A16: 15 | E16: =G16 -> 9381233298 | F16: تلفن : | G16: 9381233298 | H16: 9392569929 | I16: 9373250328 | J16: 9228665372- 09357415452-09302849676 | K16: 9229983735- 09017614576-09157171782-09333752599 | L16: 9229983735- 09017614576-09157171782-09333752599 | M16: 9229983735- 09017614576-09157171782-09333752599 | N16: 9900785044 | O16: 03978969874- | P16: 09380617293-09397976616-09057403341 | Q16: 09152067310-09908878616 | R16: 09150090658-09156484356-09159095701 | S16: 09053110021-09398957719 | T16: 09945192457-0998177165 | U16: 09397686036-09353218951 | V16: 09046651101-09156286174 | W16: 09305985396-09360554032-09300610960 | X16: 09352584850-09156019826-09152548041 | Y16: 9156194069 | Z16: 09915317983-09352523868 | AA16: 09159140096-09945583303 | AB16: 09159140096-09945583303 | AC16: 09051762599- | AD16: 09051762599-
A17: 16 | E17: =G17 -> دبیرستان سال یازدهم | F17: مقطع تحصیلی : | G17: دبیرستان سال یازدهم | H17: دبیرستان سال دهم | I17: دبیرستان سال دهم | J17: دبیرستان سال دهم | K17: دبیرستان سال دهم | L17: دبیرستان سال دهم | M17: دبیرستان سال دهم | N17: دبیرستان سال دوازدهم | O17: دبیرستان سال دوازدهم | P17: دبیرستان سال دوازدهم | Q17: دبیرستان سال دهم | R17: دبیرستان سال دهم | S17: دبیرستان سال دوازدهم | T17: دبیرستان سال یازدهم | U17: دبیرستان سال دهم | V17: دبیرستان سال یازدهم | W17: دبیرستان سال دهم | X17: دبیرستان سال دهم | Y17: دبیرستان سال دوازدهم | Z17: دبیرستان سال دهم | AA17: دبستان کلاس اول | AB17: دبستان کلاس پنجم | AC17: دبستان کلاس پنجم | AD17: دبستان کلاس چهارم
A18: 17 | E18: =G18 -> ریاضی | F18: رشته تحصیلی : | G18: ریاضی | H18: انسانی | I18: ریاضی | J18: تجربی | K18: تجربی | L18: ریاضی | M18: انسانی | N18: تجربی | O18: تجربی | P18: ریاضی | Q18: تجربی | R18: انسانی | S18: تجربی | T18: تجربی | U18: تجربی | V18: تجربی | W18: انسانی | X18: تجربی | Y18: ریاضی | Z18: تجربی
A19: 18 | E19: =G19 -> 18/22 | F19: معدل : | G19: 18/22 | H19: 19/62 | I19: 19/48 | J19: 19/24 | K19: 19/05 | L19: 17/99 | M19: 18/99 | N19: 18/68 | O19: 18/74 | P19: 18/47 | Q19: 19/88 | T19: 18/10 | U19: 18/55 | V19: 17 | W19: 19/02 | X19: 19/88 | Z19: 19/83 | AB19: خیلی خوب
A20: 19 | E20: =G20 -> مدرسه حضرت خدیجه- ناحیه تباتکان | F20: آدرس محل تحصیل: | G20: مدرسه حضرت خدیجه- ناحیه تباتکان | H20: مدرسه حضرت خدیجه- ناحیه تباتکان | I20: مدرسه حضرت خدیجه- ناحیه تباتکان | J20: مدرسه حضرت خدیجه- ناحیه تباتکان | K20: مدرسه حضرت خدیجه- ناحیه تباتکان | L20: مدرسه آرمیتا مصلی نژاد- ناحیه تباتکان | M20: مدرسه حضرت خدیجه- ناحیه تباتکان | N20: مدرسه آرمیتا مصلی نژاد- ناحیه تباتکان | O20: مدرسه حضرت خدیجه- ناحیه تباتکان | P20: مدرسه حضرت خدیجه- ناحیه تباتکان | Q20: مدرسه حضرت خدیجه- ناحیه تباتکان | R20: مدرسه آرمیتا مصلی نژاد- ناحیه تباتکان | T20: دبیرستان نرجس دولت آباد | U20: دبیرستان رستگار مقدم | V20: دبیرستان رستگار مقدم | W20: دبیرستان رستگار مقدم | X20: دبیرستان رستگار مقدم | Y20: دبیرستان خدیجه | Z20: دبیرستان رستگار مقدم | AA20: مدرسه بعثت | AB20: مدرسه بعثت | AC20: مدرسه بهادرزاده | AD20: مدرسه بهادرزاده
A21: 20 | E21: =G21 -> 9155008954 | F21: تلفن محل تحصیل: | G21: 9155008954 | H21: 9155008954 | I21: 9155008954 | J21: 9155008954 | K21: 9155008954 | L21: 5136655064 | M21: 9155008954 | N21: 5136655064 | O21: 9155008954 | P21: 9155008954 | Q21: 9155008954 | R21: 5136655064
A22: 21 | E22: =G22 -> زبان انگلیسی و کره ای | F22: استعداد : | G22: زبان انگلیسی و کره ای
A23: 22 | E23: =G23 -> کارآفرینی | F23: علاقه مندی : | G23: کارآفرینی | H23: علاقمند به دبیری | I23: تحصیل در دانشگاه فرهنگیان | J23: علاقمند به رشته پزشکی | K23: علاقمند به رشته پزشکی | L23: علاقمند به رشته مهندسی کامپیوتر | M23: علاقمند به رشته وکالت | N23: علاقمند به رشته پزشکی | O23: علاقمند به رشته پزشکی | P23: علاقمند به | Q23: علاقمند به | R23: علاقمند به دبیری | S23: علاقمند به پزشکی | T23: علاقمند به پزشکی | U23: علاقمند به پزشکی | V23: علاقمندی ندارد | W23: علاقمندی ندارد | X23: علاقمندی به پزشکی | Y23: علاقمندی به گرافیک | Z23: علاقمندی به پزشکی
A24: 23 | E24: =G24 -> 1401/06/15 | F24: تاریخ بررسی : | G24: 1401/06/15 | H24: 1401/06/15 | I24: 1401/06/15 | J24: 1401/06/15 | K24: 1401/06/15 | L24: 1401/06/15 | M24: 1401/06/15 | N24: 1401/06/15 | O24: 1401/06/15 | P24: 1401/06/15 | Q24: 1401/06/15 | R24: 1401/06/15 | S24: 1401/06/15 | T24: 1401/06/15 | U24: 1401/06/15 | V24: 1401/06/15 | W24: 1401/06/15 | X24: 1401/06/15 | Z24: 1401/06/15 | AA24: 1401/06/15 | AB24: 1401/06/15 | AC24: 1401/06/15 | AD24: 1401/06/15
A25: 24 | E25: =G25 -> افسردگی و ناامیدی شدید | F25: سوابق بیماری | G25: افسردگی و ناامیدی شدید
A26: 25 | E26: =G26 -> ندارد | F26: توضیحات بیماری: | G26: ندارد | H26: ندارد | I26: ندارد | J26: ندارد | K26: ندارد | L26: ندارد | M26: ندارد | N26: ندارد | O26: ندارد | P26: ندارد | Q26: ندارد | R26: ندارد | S26: ندارد | T26: ندارد | U26: ندارد | V26: افسردگی شدید | W26: ندارد | X26: ندارد | Y26: ندارد | Z26: ندارد | AA26: ندارد | AB26: ندارد | AC26: ندارد | AD26: ندارد
A27: 26 | E27: =G27 -> 0 | F27: آزمایشات یا چکاپ پزشکی | AA27: دندانهایش توسط دکتر محسنیان عصب کشی گردید
A28: 27 | E28: =G28 -> 0 | F28: توضیحات آزمایش یا چکاپ :
A29: 28 | E29: =G29 -> ندارد | F29: نیاز به خدمات خاصی | G29: ندارد | H29: ندارد | I29: در درس ریاضی احتیاج به کمک دارد. | P29: کتابهای کمک آموزشی لازم دارد | R29: سمعک لازم دارد
A30: 29 | E30: =G30 -> نداد | F30: توضیحات خدمات : | G30: نداد | H30: نداد | I30: ندارد | J30: ندارد | K30: ندارد | L30: ندارد | M30: ندارد | N30: ندارد | O30: ندارد | P30: ندارد | Q30: ندارد | R30: ندارد | S30: ندارد | T30: ندارد | U30: ندارد | V30: ندارد | W30: ندارد | X30: ندارد | Y30: ندارد | Z30: ندارد | AA30: ندارد | AB30: ندارد | AC30: ندارد | AD30: ندارد | AE30: ندارد | AF30: ندارد | AG30: ندارد | AH30: ندارد | AI30: ندارد | AJ30: ندارد | AK30: ندارد | AL30: ندارد | AM30: ندارد | AN30: ندارد | AO30: ندارد
A31: 30 | E31: =G31 -> ‍‍ | G31: ‍‍ | H31: ‍‍ | I31: ‍‍ | J31: ‍‍ | K31: ‍‍ | L31: ‍‍ | M31: ‍‍ | N31: ‍‍ | O31: ‍‍ | P31: ‍‍ | Q31: ‍‍ | R31: ‍‍ | S31: ‍‍ | T31: ‍‍ | U31: ‍‍ | V31: ‍‍ | W31: ‍‍ | X31: ‍‍ | Y31: ‍‍ | Z31: ‍‍ | AA31: ‍‍ | AB31: ‍‍ | AC31: ‍‍ | AD31: ‍‍ | AE31: ‍‍ | AF31: ‍‍ | AG31: ‍‍ | AH31: ‍‍ | AI31: ‍‍ | AJ31: ‍‍ | AK31: ‍‍ | AL31: ‍‍ | AM31: ‍‍ | AN31: ‍‍ | AO31: ‍‍
A32: 31 | E32: =G32 -> 0
A33: 32 | E33: =G33 -> 0
A34: 33 | E34: =G34 -> 0
A35: 34 | E35: =G35 -> 0
A36: 35 | E36: =G36 -> 0
A37: 36 | E37: =G37 -> 0
A38: 37 | E38: =G38 -> 0
A39: 38 | E39: =G39 -> 0
A40: 39 | E40: =G40 -> 0
A41: 40 | E41: =G41 -> 0
A42: 41 | E42: =G42 -> 0
A43: 42 | E43: =G43 -> 0
... A100: 99 | E100: =G100 -> 0

Sheet ریزهزینه کرد مددجوها
A1: ok | B1: ردیف | C1: kkkk | D1: Column1 | E1: کد | F1: نام ونام خانوادگی | G1: شرح هزینه | H1: تاریخ هزینه | I1: شماره فیش | J1: مبلغ هزینه کرد | K1: توضیحات
A2: ok | B2: 1 | F2: =IF(E2="","",HLOOKUP(E2,eeee,2,0)) | H2: 1401/03/22 | J2: -60000000
A3: ok | B3: 2 | F3: =IF(E3="","",HLOOKUP(E3,eeee,2,0)) | H3: 1401/03/22 | J3: 79520000
A4: ok | B4: 3 | F4: =IF(E4="","",HLOOKUP(E4,eeee,2,0)) | H4: 1401/03/23 | J4: 1360000
A5: ok | B5: 4 | F5: =IF(E5="","",HLOOKUP(E5,eeee,2,0)) | H5: 1401/03/23 | J5: 360000
A6: ok | B6: 5 | F6: =IF(E6="","",HLOOKUP(E6,eeee,2,0)) | H6: 1401/03/23 | J6: 1600000
A7: ok | B7: 6 | F7: =IF(E7="","",HLOOKUP(E7,eeee,2,0)) | H7: 1401/03/23 | J7: 5500000
A8: ok | B8: 7 | F8: =IF(E8="","",HLOOKUP(E8,eeee,2,0)) | H8: 1401/03/23 | J8: 2025620
A9: ok | B9: 8 | F9: =IF(E9="","",HLOOKUP(E9,eeee,2,0)) | H9: 1401/03/24 | J9: 2000000
A10: ok | B10: 9 | F10: =IF(E10="","",HLOOKUP(E10,eeee,2,0)) | H10: 1401/03/24 | J10: 2900000
A11: ok | B11: 10 | F11: =IF(E11="","",HLOOKUP(E11,eeee,2,0)) | H11: 1401/03/24 | J11: 2300000
A12: ok | B12: 11 | F12: =IF(E12="","",HLOOKUP(E12,eeee,2,0)) | G12: کارمزد مانده گیری | H12: 1401/03/25 | J12: 1200
A13: ok | B13: 13 | F13: =IF(E13="","",HLOOKUP(E13,eeee,2,0)) | H13: 1401/03/25 | J13: -37024214
J14: =SUM(J2:J13) -> 542606
A16: ok | B16: 14 | E16: 23 | F16: =IF(E16="","",HLOOKUP(E16,eeee,2,0)) -> محمدرضا سروری | G16: خرید آذوقه برای خانواده سروری | H16: 1401/03/25 | J16: 3370000
A17: ok | B17: 15 | E17: 24 | F17: =IF(E17="","",HLOOKUP(E17,eeee,2,0)) -> کمیل سروری | G17: خرید نان برای خانواده سروری | H17: 1401/03/25 | J17: 104000
A18: ok | B18: 16 | E18: m1 | F18: =IF(E18="","",HLOOKUP(E18,eeee,2,0)) -> هزینه کلی به مددجویان | G18: فتوکپی | H18: 1401/03/28 | J18: 14500
A19: ok | B19: 17 | E19: k1 | F19: =IF(E19="","",HLOOKUP(E19,eeee,2,0)) -> هزینه کلی موسسه | G19: تمبر بانکداری | H19: 1401/04/01 | J19: 10000
A20: ok | B20: 18 | E20: k1 | F20: =IF(E20="","",HLOOKUP(E20,eeee,2,0)) -> هزینه کلی موسسه | G20: تمبر بانکداری | H20: 1401/04/01 | J20: 8000
A21: ok | B21: 19 | E21: k1 | F21: =IF(E21="","",HLOOKUP(E21,eeee,2,0)) -> هزینه کلی موسسه | G21: تمبر بانکداری | H21: 1401/04/01 | J21: 18000
A22: ok | B22: 20 | E22: 23 | F22: =IF(E22="","",HLOOKUP(E22,eeee,2,0)) -> محمدرضا سروری | G22: خرید لباس فرم مدرسه | H22: 1401/04/01 | J22: 3003000
A23: ok | B23: 21 | C23: =MID('ریزهزینه کرد مددجوها'!$H23,6,2) -> 04 | D23: =MID('ریزهزینه کرد مددجوها'!$H23,1,4) -> 1401 | E23: 24 | F23: =IF(E23="","",HLOOKUP(E23,eeee,2,0)) -> کمیل سروری | G23: خرید لباس فرم مدرسه | H23: 1401/04/01 | J23: 3003000
A24: ok | B24: 22 | C24: =MID('ریزهزینه کرد مددجوها'!$H24,6,2) -> 04 | D24: =MID('ریزهزینه کرد مددجوها'!$H24,1,4) -> 1401 | E24: 21 | F24: =IF(E24="","",HLOOKUP(E24,eeee,2,0)) -> ملبکا نماز | G24: خرید لباس فرم مدرسه | H24: 1401/04/01 | J24: 2960000
A25: ok | B25: 23 | C25: =MID('ریزهزینه کرد مددجوها'!$H25,6,2) -> 04 | D25: =MID('ریزهزینه کرد مددجوها'!$H25,1,4) -> 1401 | E25: 21 | F25: =IF(E25="","",HLOOKUP(E25,eeee,2,0)) -> ملبکا نماز | G25: ثبت نام مدرسه | H25: 1401/04/01 | J25: 3706000
A26: ok | B26: 24 | C26: =MID('ریزهزینه کرد مددجوها'!$H26,6,2) -> 04 | D26: =MID('ریزهزینه کرد مددجوها'!$H26,1,4) -> 1401 | E26: k1 | F26: =IF(E26="","",HLOOKUP(E26,eeee,2,0)) -> هزینه کلی موسسه | G26: کارمزد پیامک بانک | H26: 1401/04/07 | J26: 200000
A27: ok | B27: 25 | E27: m1 | F27: =IF(E27="","",HLOOKUP(E27,eeee,2,0)) -> هزینه کلی به مددجویان | G27: خرید شیرینی برای بازدید از منازل | H27: 1401/05/10 | J27: 3420000
A28: ok | B28: 26 | E28: 20 | F28: =IF(E28="","",HLOOKUP(E28,eeee,2,0)) -> پری زارع | G28: خرید پنکه پایه دار | H28: 1401/05/12 | J28: 16508400
A29: ok | B29: 27 | C29: =MID('ریزهزینه کرد مددجوها'!$H29,6,2) -> 05 | D29: =MID('ریزهزینه کرد مددجوها'!$H29,1,4) -> 1401 | E29: 20 | F29: =IF(E29="","",HLOOKUP(E29,eeee,2,0)) -> پری زارع | G29: هزینه پیک موتوری | H29: 1401/05/12 | J29: 250000
A30: ok | B30: 28 | C30: =MID('ریزهزینه کرد مددجوها'!$H30,6,2) -> 05 | D30: =MID('ریزهزینه کرد مددجوها'!$H30,1,4) -> 1401 | E30: 20 | F30: =IF(E30="","",HLOOKUP(E30,eeee,2,0)) -> پری زارع | G30: هزینه خرید گوشت و مرغ | H30: 1401/05/12 | J30: 4080000
A31: ok | B31: 29 | C31: =MID('ریزهزینه کرد مددجوها'!$H31,6,2) -> 05 | D31: =MID('ریزهزینه کرد مددجوها'!$H31,1,4) -> 1401 | E31: m1 | F31: =IF(E31="","",HLOOKUP(E31,eeee,2,0)) -> هزینه کلی به مددجویان | G31: خرید شیرینی برای بازدید از منازل | H31: 1401/05/12 | J31: 2252500
A32: ok | B32: 30 | E32: k1 | F32: =IF(E32="","",HLOOKUP(E32,eeee,2,0)) -> هزینه کلی موسسه | G32: هزینه تعمیر گازمدرسه رستگار مقدم | H32: 1401/06/14 | J32: 10006000
A33: ok | B33: 31 | E33: k1 | F33: =IF(E33="","",HLOOKUP(E33,eeee,2,0)) -> هزینه کلی موسسه | G33: هزینه خرید گل آرمین متقی(توسط فرید برهان علمی) | H33: 1401/06/12 | J33: 10006000
A34: ok | B34: 32 | C34: =MID('ریزهزینه کرد مددجوها'!$H34,6,2) -> 06 | D34: =MID('ریزهزینه کرد مددجوها'!$H34,1,4) -> 1401 | E34: k1 | F34: =IF(E34="","",HLOOKUP(E34,eeee,2,0)) -> هزینه کلی موسسه | G34: بابت پرینت تراکنشهای بانکی | H34: 1401/06/15 | J34: 24000
A35: ok | B35: 33 | E35: 6 | F35: =IF(E35="","",HLOOKUP(E35,eeee,2,0)) -> راضیه رضاپور | G35: هزینه ثبت نام مدرسه مصلی نژاد | H35: 1401/06/17 | J35: 25010800
A36: ok | B36: 34 | E36: 6 | F36: =IF(E36="","",HLOOKUP(E36,eeee,2,0)) -> راضیه رضاپور | G36: خرید لباس فرم مدرسه | H36: 1401/06/17 | J36: 4256000
A37: ok | B37: 35 | E37: m1 | F37: =IF(E37="","",HLOOKUP(E37,eeee,2,0)) -> هزینه کلی به مددجویان | G37: خرید آذوقه برای 5 خانواده از مددجوها | H37: 1401/06/23 | J37: 20400000
A38: ok | B38: 36 | E38: k1 | F38: =IF(E38="","",HLOOKUP(E38,eeee,2,0)) -> هزینه کلی موسسه | G38: هزینه کرایه وانت جهت حمل به انبار(توسط بهنام بهرمن) | H38: 1401/05/15 | J38: 4000000
A39: ok | B39: 37 | C39: =MID('ریزهزینه کرد مددجوها'!$H39,6,2) -> 06 | D39: =MID('ریزهزینه کرد مددجوها'!$H39,1,4) -> 1401 | E39: k1 | F39: =IF(E39="","",HLOOKUP(E39,eeee,2,0)) -> هزینه کلی موسسه | G39: تسویه هزینه تعمیر گازمدرسه رستگار مقدم | H39: 1401/06/15 | J39: 7006000
A40: ok | B40: 38 | E40: k1 | F40: =IF(E40="","",HLOOKUP(E40,eeee,2,0)) -> هزینه کلی موسسه | G40: خریدلوازم تحریر کودکان خیریه مهبد(ضرابی) | H40: 1401/06/23 | J40: 15577400
A41: ok | B41: 39 | C41: =MID('ریزهزینه کرد مددجوها'!$H41,6,2) -> 06 | D41: =MID('ریزهزینه کرد مددجوها'!$H41,1,4) -> 1401 | E41: m1 | F41: =IF(E41="","",HLOOKUP(E41,eeee,2,0)) -> هزینه کلی به مددجویان | G41: خریدلوازم تحریر کودکان | H41: 1401/06/23 | J41: 44023100
A42: ok | B42: 40 | C42: =MID('ریزهزینه کرد مددجوها'!$H42,6,2) -> 06 | D42: =MID('ریزهزینه کرد مددجوها'!$H42,1,4) -> 1401 | E42: m1 | F42: =IF(E42="","",HLOOKUP(E42,eeee,2,0)) -> هزینه کلی به مددجویان | G42: خرید کوله پشتی بچه ها | H42: 1401/06/23 | J42: 39013200
A43: ok | B43: 41 | C43: =MID('ریزهزینه کرد مددجوها'!$H43,6,2) -> 06 | D43: =MID('ریزهزینه کرد مددجوها'!$H43,1,4) -> 1401 | E43: m1 | F43: =IF(E43="","",HLOOKUP(E43,eeee,2,0)) -> هزینه کلی به مددجویان | G43: خرید آذوقه برای 5 خانواده از مددجوها | H43: 1401/06/23 | J43: 13000000
A44: ok | B44: 42 | C44: =MID('ریزهزینه کرد مددجوها'!$H44,6,2) -> 06 | D44: =MID('ریزهزینه کرد مددجوها'!$H44,1,4) -> 1401 | E44: k1 | F44: =IF(E44="","",HLOOKUP(E44,eeee,2,0)) -> هزینه کلی موسسه | G44: سرویس ماشین لباسشویی مدرسه رستگارمقدم | H44: 1401/06/24 | J44: 1006000
A45: ok | B45: 43 | C45: =MID('ریزهزینه کرد مددجوها'!$H45,6,2) -> 06 | D45: =MID('ریزهزینه کرد مددجوها'!$H45,1,4) -> 1401 | E45: 14 | F45: =IF(E45="","",HLOOKUP(E45,eeee,2,0)) -> زهرا تاتاری | G45: خرید کفش | H45: 1401/06/29 | J45: 2180000
A46: ok | B46: 44 | C46: =MID('ریزهزینه کرد مددجوها'!$H46,6,2) -> 06 | D46: =MID('ریزهزینه کرد مددجوها'!$H46,1,4) -> 1401 | E46: k1 | F46: =IF(E46="","",HLOOKUP(E46,eeee,2,0)) -> هزینه کلی موسسه | G46: هزینه تعمیر جاروبرقی مدرسه رستگار مقدم(از کارت خودم پرداخت کرده بودم و جابجا کردم) | H46: 1401/06/24 | J46: 4306000
A47: ok | B47: 45 | C47: =MID('ریزهزینه کرد مددجوها'!$H47,6,2) -> 06 | D47: =MID('ریزهزینه کرد مددجوها'!$H47,1,4) -> 1401 | E47: m1 | F47: =IF(E47="","",HLOOKUP(E47,eeee,2,0)) -> هزینه کلی به مددجویان | G47: خریدلوازم تحریر کودکان | H47: 1401/06/30 | J47: 2050000
A48: ok | B48: 46 | C48: =MID('ریزهزینه کرد مددجوها'!$H48,6,2) -> 06 | D48: =MID('ریزهزینه کرد مددجوها'!$H48,1,4) -> 1401 | E48: m1 | F48: =IF(E48="","",HLOOKUP(E48,eeee,2,0)) -> هزینه کلی به مددجویان | G48: خرید کوله پشتی بچه ها | H48: 1401/06/30 | J48: 4600000
A49: ok | B49: 47 | C49: =MID('ریزهزینه کرد مددجوها'!$H49,6,2) -> 06 | D49: =MID('ریزهزینه کرد مددجوها'!$H49,1,4) -> 1401 | E49: m1 | F49: =IF(E49="","",HLOOKUP(E49,eeee,2,0)) -> هزینه کلی به مددجویان | G49: خرید کفش | H49: 1401/06/30 | J49: 48000000
A50: ok | B50: 48 | C50: =MID('ریزهزینه کرد مددجوها'!$H50,6,2) -> 06 | D50: =MID('ریزهزینه کرد مددجوها'!$H50,1,4) -> 1401 | E50: m1 | F50: =IF(E50="","",HLOOKUP(E50,eeee,2,0)) -> هزینه کلی به مددجویان | G50: خرید کارت تبریک و .... | H50: 1401/06/30 | J50: 180000
A51: ok | B51: 49 | C51: =MID('ریزهزینه کرد مددجوها'!$H51,6,2) -> 06 | D51: =MID('ریزهزینه کرد مددجوها'!$H51,1,4) -> 1401 | E51: 10 | F51: =IF(E51="","",HLOOKUP(E51,eeee,2,0)) -> مریم رحمانی | G51: خرید لوازم التحریر برای خواهرش | H51: 1401/06/31 | J51: 2550000
A52: ok | B52: 50 | C52: =MID('ریزهزینه کرد مددجوها'!$H52,6,2) -> 07 | D52: =MID('ریزهزینه کرد مددجوها'!$H52,1,4) -> 1401 | E52: k1 | F52: =IF(E52="","",HLOOKUP(E52,eeee,2,0)) -> هزینه کلی موسسه | G52: کارمزد پیامک بانک | H52: 1401/07/02 | J52: 200000
A53: ok | B53: 51 | C53: =MID('ریزهزینه کرد مددجوها'!$H53,6,2) -> 07 | D53: =MID('ریزهزینه کرد مددجوها'!$H53,1,4) -> 1401 | E53: 12 | F53: =IF(E53="","",HLOOKUP(E53,eeee,2,0)) -> الهام صمدی | G53: هزینه شنوایی سنجی | H53: 1401/07/04 | J53: 2072000
A54: ok | B54: 52 | C54: =MID('ریزهزینه کرد مددجوها'!$H54,6,2) -> 07 | D54: =MID('ریزهزینه کرد مددجوها'!$H54,1,4) -> 1401 | E54: 12 | F54: =IF(E54="","",HLOOKUP(E54,eeee,2,0)) -> الهام صمدی | G54: الباقی هزینه شنوایی سنجی | H54: 1401/07/04 | J54: 7850000
A55: ok | B55: 53 | C55: =MID('ریزهزینه کرد مددجوها'!$H55,6,2) -> 07 | D55: =MID('ریزهزینه کرد مددجوها'!$H55,1,4) -> 1401 | E55: 12 | F55: =IF(E55="","",HLOOKUP(E55,eeee,2,0)) -> الهام صمدی | G55: دارو | H55: 1401/07/04 | J55: 257000
A56: ok | B56: 54 | C56: =MID('ریزهزینه کرد مددجوها'!$H56,6,2) -> 07 | D56: =MID('ریزهزینه کرد مددجوها'!$H56,1,4) -> 1401 | E56: m1 | F56: =IF(E56="","",HLOOKUP(E56,eeee,2,0)) -> هزینه کلی به مددجویان | G56: هزینه مشاور تحصیلی آقای سرگلزایی | H56: 1401/07/07 | J56: 1706000
A57: ok | B57: 55 | C57: =MID('ریزهزینه کرد مددجوها'!$H57,6,2) -> 07 | D57: =MID('ریزهزینه کرد مددجوها'!$H57,1,4) -> 1401 | E57: 9 | F57: =IF(E57="","",HLOOKUP(E57,eeee,2,0)) -> فاطمه موسوی | G57: خرید لباس فرم مدرسه | H57: 1401/07/07 | J57: 4706000
A58: ok | B58: 56 | C58: =MID('ریزهزینه کرد مددجوها'!$H58,6,2) -> 07 | D58: =MID('ریزهزینه کرد مددجوها'!$H58,1,4) -> 1401 | E58: m1 | F58: =IF(E58="","",HLOOKUP(E58,eeee,2,0)) -> هزینه کلی به مددجویان | G58: خرید پاسخ برگ | H58: 1401/07/07 | J58: 2000000
A59: ok | B59: 57 | C59: =MID('ریزهزینه کرد مددجوها'!$H59,6,2) -> 07 | D59: =MID('ریزهزینه کرد مددجوها'!$H59,1,4) -> 1401 | E59: 8 | F59: =IF(E59="","",HLOOKUP(E59,eeee,2,0)) -> پریسا اعتمادمنش | G59: هزینه کلاس کنکور | H59: 1401/07/11 | J59: 89000000
A60: ok | B60: 58 | C60: =MID('ریزهزینه کرد مددجوها'!$H60,6,2) -> 07 | D60: =MID('ریزهزینه کرد مددجوها'!$H60,1,4) -> 1401 | E60: 8 | F60: =IF(E60="","",HLOOKUP(E60,eeee,2,0)) -> پریسا اعتمادمنش | G60: واریز بابت مابع التفاوت کلاس کنکور به کارت مادرش | H60: 1401/07/11 | J60: 11008400
A61: ok | B61: 59 | C61: =MID('ریزهزینه کرد مددجوها'!$H61,6,2) -> 07 | D61: =MID('ریزهزینه کرد مددجوها'!$H61,1,4) -> 1401 | E61: 12 | F61: =IF(E61="","",HLOOKUP(E61,eeee,2,0)) -> الهام صمدی | G61: هزینه کتاب کمک درسی | H61: 1401/07/11 | J61: 1016000
A62: ok | B62: 60 | E62: m1 | F62: =IF(E62="","",HLOOKUP(E62,eeee,2,0)) -> هزینه کلی به مددجویان | G62: هزینه ایاب و ذهاب کلاس کنکور | H62: 1401/07/11 | J62: 2006000
A63: ok | B63: 61 | E63: m1 | F63: =IF(E63="","",HLOOKUP(E63,eeee,2,0)) -> هزینه کلی به مددجویان | G63: کتابهای کمک درسی | H63: 1401/07/13 | J63: 24195000
A64: ok | B64: 62 | E64: m1 | F64: =IF(E64="","",HLOOKUP(E64,eeee,2,0)) -> هزینه کلی به مددجویان | G64: کتابهای کمک درسی متعلق به خانم اورلی | H64: 1401/07/13 | J64: -2700000
A65: ok | B65: 63 | E65: 17 | F65: =IF(E65="","",HLOOKUP(E65,eeee,2,0)) -> کوثر فارقی | G65: هزینه رادیولوژی دندان | H65: 1401/07/10 | J65: 2168000
A66: ok | B66: 64 | E66: m1 | F66: =IF(E66="","",HLOOKUP(E66,eeee,2,0)) -> هزینه کلی به مددجویان | G66: واریز بدهی خانم اورلی به بنیاد | H66: 1401/07/13 | J66: 532000
A67: ok | B67: 65 | E67: 12 | F67: =IF(E67="","",HLOOKUP(E67,eeee,2,0)) -> الهام صمدی | G67: خرید لباس فرم مدرسه(به حساب پدرش واریز شد) | H67: 1401/07/19 | J67: 4106000
A68: ok | B68: 66 | E68: 17 | F68: =IF(E68="","",HLOOKUP(E68,eeee,2,0)) -> کوثر فارقی | G68: هزینه ایاب و ذهاب به دندان پزشکی | H68: 1401/07/21 | J68: 1506000
A69: ok | B69: 67 | E69: m1 | F69: =IF(E69="","",HLOOKUP(E69,eeee,2,0)) -> هزینه کلی به مددجویان | G69: هزینه کتاب کمک درسی مدرسه خدیجه | H69: 1401/07/22 | J69: 5145000
A70: ok | B70: 68 | E70: 13 | F70: =IF(E70="","",HLOOKUP(E70,eeee,2,0)) -> کوثر مولایی | G70: هزینه کتاب کمک درسی | H70: 1401/07/22 | J70: 5437500
A71: ok | B71: 69 | E71: 23 | F71: =IF(E71="","",HLOOKUP(E71,eeee,2,0)) -> محمدرضا سروری | G71: هزینه کتاب کمک درسی | H71: 1401/07/26 | J71: 603000
A72: ok | B72: 70 | E72: 24 | F72: =IF(E72="","",HLOOKUP(E72,eeee,2,0)) -> کمیل سروری | G72: هزینه کتاب کمک درسی | H72: 1401/07/26 | J72: 603000
A73: ok | B73: 71 | E73: 14 | F73: =IF(E73="","",HLOOKUP(E73,eeee,2,0)) -> زهرا تاتاری | G73: هزینه کتاب کمک درسی | H73: 1401/07/26 | J73: 2250000
A74: ok | B74: 72 | E74: 12 | F74: =IF(E74="","",HLOOKUP(E74,eeee,2,0)) -> الهام صمدی | G74: هزینه کتاب کمک درسی | H74: 1401/08/04 | J74: 1086000
A75: ok | B75: 73 | E75: 1 | F75: =IF(E75="","",HLOOKUP(E75,eeee,2,0)) -> ریحانه نوری شفیق | G75: خرید لباس فرم مدرسه | H75: 1401/08/09 | J75: 4700000
A76: ok | B76: 74 | E76: 3 | F76: =IF(E76="","",HLOOKUP(E76,eeee,2,0)) -> زهرا قهستانی | G76: خرید لباس فرم مدرسه | H76: 1401/08/09 | J76: 4700000
A77: ok | B77: 75 | E77: 5 | F77: =IF(E77="","",HLOOKUP(E77,eeee,2,0)) -> رقیه رضاپور | G77: خرید لباس فرم مدرسه | H77: 1401/08/09 | J77: 4700000
A78: ok | B78: 76 | E78: 10 | F78: =IF(E78="","",HLOOKUP(E78,eeee,2,0)) -> مریم رحمانی | G78: خرید لباس فرم مدرسه | H78: 1401/08/09 | J78: 4700000
A79: ok | B79: 77 | E79: 11 | F79: =IF(E79="","",HLOOKUP(E79,eeee,2,0)) -> ناهید کمالی گروی | G79: خرید لباس فرم مدرسه | H79: 1401/08/09 | J79: 4700000
A80: ok | B80: 78 | E80: 4 | F80: =IF(E80="","",HLOOKUP(E80,eeee,2,0)) -> مهلا قهستانی | G80: خرید لباس فرم مدرسه | H80: 1401/08/09 | J80: 4800000
A81: ok | B81: 79 | E81: 7 | F81: =IF(E81="","",HLOOKUP(E81,eeee,2,0)) -> ربابه رضاپور | G81: خرید لباس فرم مدرسه | H81: 1401/08/09 | J81: 4900000
A82: ok | B82: 80 | E82: m1 | F82: =IF(E82="","",HLOOKUP(E82,eeee,2,0)) -> هزینه کلی به مددجویان | G82: هزینه انتقال پول به کارتهای فروشگاهها | H82: 1401/08/09 | J82: 13200
A83: ok | B83: 81 | E83: 22 | F83: =IF(E83="","",HLOOKUP(E83,eeee,2,0)) -> مهدبار نماز | G83: هزینه کتاب کمک درسی | H83: 1401/08/14 | J83: 706000
A84: ok | B84: 82 | E84: 9 | F84: =IF(E84="","",HLOOKUP(E84,eeee,2,0)) -> فاطمه موسوی | G84: هزینه کتاب کمک درسی | H84: 1401/08/15 | J84: 366000
A85: ok | B85: 83 | E85: 6 | F85: =IF(E85="","",HLOOKUP(E85,eeee,2,0)) -> راضیه رضاپور | G85: ایاب و ذهاب به مدرسه | H85: 1401/08/16 | J85: 806000
A86: ok | B86: 84 | E86: 1 | F86: =IF(E86="","",HLOOKUP(E86,eeee,2,0)) -> ریحانه نوری شفیق | G86: هزینه کتاب متفرقه | H86: 1401/08/19 | J86: 2285000
A87: ok | B87: 85 | E87: 1 | F87: =IF(E87="","",HLOOKUP(E87,eeee,2,0)) -> ریحانه نوری شفیق | G87: هزینه نهار(از کارت فریدبرهان علمی) | H87: 1401/08/19 | J87: 5000000
A88: ok | B88: 86 | E88: m1 | F88: =IF(E88="","",HLOOKUP(E88,eeee,2,0)) -> هزینه کلی به مددجویان | G88: هزینه کتاب کمک درسی مدرسه خدیجه | H88: 1401/08/20 | J88: 6006000
A89: ok | B89: 87 | E89: 12 | F89: =IF(E89="","",HLOOKUP(E89,eeee,2,0)) -> الهام صمدی | G89: هزینه کتاب کمک درسی | H89: 1401/08/21 | J89: 1106000
A90: ok | B90: 88 | E90: k1 | F90: =IF(E90="","",HLOOKUP(E90,eeee,2,0)) -> هزینه کلی موسسه | G90: هزینه کارگر روزمزد جهت مرتب کردن انبار(از کارت فریدبرهان علمی) | H90: 1401/08/13 | J90: 6012000
A91: ok | B91: 89 | E91: k1 | F91: =IF(E91="","",HLOOKUP(E91,eeee,2,0)) -> هزینه کلی موسسه | G91: فتوکپی | H91: 1401/08/24 | J91: 200000
A92: ok | B92: 90 | E92: k1 | F92: =IF(E92="","",HLOOKUP(E92,eeee,2,0)) -> هزینه کلی موسسه | G92: هزینه شنوایی سنجی محمدطاها حسینی | H92: 1401/08/24 | J92: 4691600
A93: ok | B93: 91 | E93: k1 | F93: =IF(E93="","",HLOOKUP(E93,eeee,2,0)) -> هزینه کلی موسسه | G93: هزینه شنوایی سنجی عدنان ریگی | H93: 1401/08/24 | J93: 4413600
A94: ok | B94: 92 | E94: k1 | F94: =IF(E94="","",HLOOKUP(E94,eeee,2,0)) -> هزینه کلی موسسه | G94: قطره گوش عدنان ریگی (از کارت فریدبرهان علمی) | H94: 1401/08/24 | J94: 157500
A95: ok | B95: 93 | E95: k1 | F95: =IF(E95="","",HLOOKUP(E95,eeee,2,0)) -> هزینه کلی موسسه | G95: هزینه بانکداری | H95: 1401/04/01 | J95: 36000
A96: ok | B96: 94 | E96: k1 | F96: =IF(E96="","",HLOOKUP(E96,eeee,2,0)) -> هزینه کلی موسسه | G96: هزینه شنوایی سنجی کمند کامرانی(مدرسه رستگار) | H96: 1401/09/03 | J96: 1500000
A97: ok | B97: 95 | E97: m1 | F97: =IF(E97="","",HLOOKUP(E97,eeee,2,0)) -> هزینه کلی به مددجویان | G97: هزینه کتاب کمک درسی مدرسه خدیجه(به توصیه خانم قوامی مشاور تحصیلی) | H97: 1401/09/09 | J97: 50402500
A98: ok | B98: 96 | E98: 25 | F98: =IF(E98="","",HLOOKUP(E98,eeee,2,0)) -> مبینا عباسی | G98: هزینه کتاب نجوم | H98: 1401/09/09 | J98: 5070000
A99: ok | B99: 97 | E99: 12 | F99: =IF(E99="","",HLOOKUP(E99,eeee,2,0)) -> الهام صمدی | G99: هزینه ثبت نام مدرسه مصلی نژاد و کلاس تقویتی | H99: 1401/08/25 | J99: 26500000
A100: ok | B100: 98 | E100: k1 | F100: =IF(E100="","",HLOOKUP(E100,eeee,2,0)) -> هزینه کلی موسسه | G100: هزینه شنوایی سنجی نیایش موسوی | H100: 1401/08/30 | J100: 1426000
A101: ok | B101: 99 | E101: k1 | F101: =IF(E101="","",HLOOKUP(E101,eeee,2,0)) -> هزینه کلی موسسه | G101: کمک به بابای مدرسه خدیجه | H101: 1401/08/30 | J101: 1000000
...

Sheet خلاصه هزینه کرد مددجوها
C1: کل مانده | D1: ='لیست واریزی کل خیرین'!$J$149-'خلاصه هزینه کرد مددجوها'!$D$124 -> 26615308822
B2: کد مددجو | C2: نام و نام خانوادگی | D2: مبلغ هزینه کرد
B3: m1 | C3: =IF(B3="","",HLOOKUP(B3,etela,2,0)) -> هزینه کلی به مددجویان | D3: =SUMIF('ریزهزینه کرد مددجوها'!E:E,'خلاصه هزینه کرد مددجوها'!B3,'ریزهزینه کرد مددجوها'!J:J) -> 768134600
B4: k1 | C4: =IF(B4="","",HLOOKUP(B4,etela,2,0)) -> هزینه کلی موسسه | D4: =SUMIF('ریزهزینه کرد مددجوها'!E:E,'خلاصه هزینه کرد مددجوها'!B4,'ریزهزینه کرد مددجوها'!J:J) -> 4332092380
B5: S | C5: هزینه مربوط به تعمیرات مدارس از واریزی خانم عین علی | D5: =SUMIF('ریزهزینه کرد مددجوها'!E:E,'خلاصه هزینه کرد مددجوها'!B5,'ریزهزینه کرد مددجوها'!J:J) -> 45000000
B6: 1 | C6: =IF(B6="","",HLOOKUP(B6,etela,2,0)) -> ریحانه نوری شفیق | D6: =SUMIF('ریزهزینه کرد مددجوها'!E:E,'خلاصه هزینه کرد مددجوها'!B6,'ریزهزینه کرد مددجوها'!J:J) -> 11985000
B7: 2 | C7: =IF(B7="","",HLOOKUP(B7,etela,2,0)) -> ریحانه طراقی فرد | D7: =SUMIF('ریزهزینه کرد مددجوها'!E:E,'خلاصه هزینه کرد مددجوها'!B7,'ریزهزینه کرد مددجوها'!J:J) -> 0
B8: 3 | C8: =IF(B8="","",HLOOKUP(B8,etela,2,0)) -> زهرا قهستانی | D8: =SUMIF('ریزهزینه کرد مددجوها'!E:E,'خلاصه هزینه کرد مددجوها'!B8,'ریزهزینه کرد مددجوها'!J:J) -> 4700000
B9: 4 | C9: =IF(B9="","",HLOOKUP(B9,etela,2,0)) -> مهلا قهستانی | D9: =SUMIF('ریزهزینه کرد مددجوها'!E:E,'خلاصه هزینه کرد مددجوها'!B9,'ریزهزینه کرد مددجوها'!J:J) -> 4800000
B10: 5 | C10: =IF(B10="","",HLOOKUP(B10,etela,2,0)) -> رقیه رضاپور | D10: =SUMIF('ریزهزینه کرد مددجوها'!E:E,'خلاصه هزینه کرد مددجوها'!B10,'ریزهزینه کرد مددجوها'!J:J) -> 4700000
B11: 6 | C11: =IF(B11="","",HLOOKUP(B11,etela,2,0)) -> راضیه رضاپور | D11: =SUMIF('ریزهزینه کرد مددجوها'!E:E,'خلاصه هزینه کرد مددجوها'!B11,'ریزهزینه کرد مددجوها'!J:J) -> 31678800
B12: 7 | C12: =IF(B12="","",HLOOKUP(B12,etela,2,0)) -> ربابه رضاپور | D12: =SUMIF('ریزهزینه کرد مددجوها'!E:E,'خلاصه هزینه کرد مددجوها'!B12,'ریزهزینه کرد مددجوها'!J:J) -> 4900000
B13: 8 | C13: =IF(B13="","",HLOOKUP(B13,etela,2,0)) -> پریسا اعتمادمنش | D13: =SUMIF('ریزهزینه کرد مددجوها'!E:E,'خلاصه هزینه کرد مددجوها'!B13,'ریزهزینه کرد مددجوها'!J:J) -> 100008400 | I13: `
B14: 9 | C14: =IF(B14="","",HLOOKUP(B14,etela,2,0)) -> فاطمه موسوی | D14: =SUMIF('ریزهزینه کرد مددجوها'!E:E,'خلاصه هزینه کرد مددجوها'!B14,'ریزهزینه کرد مددجوها'!J:J) -> 5072000
B15: 10 | C15: =IF(B15="","",HLOOKUP(B15,etela,2,0)) -> مریم رحمانی | D15: =SUMIF('ریزهزینه کرد مددجوها'!E:E,'خلاصه هزینه کرد مددجوها'!B15,'ریزهزینه کرد مددجوها'!J:J) -> 10256000
B16: 11 | C16: =IF(B16="","",HLOOKUP(B16,etela,2,0)) -> ناهید کمالی گروی | D16: =SUMIF('ریزهزینه کرد مددجوها'!E:E,'خلاصه هزینه کرد مددجوها'!B16,'ریزهزینه کرد مددجوها'!J:J) -> 5156000
B17: 12 | C17: =IF(B17="","",HLOOKUP(B17,etela,2,0)) -> الهام صمدی | D17: =SUMIF('ریزهزینه کرد مددجوها'!E:E,'خلاصه هزینه کرد مددجوها'!B17,'ریزهزینه کرد مددجوها'!J:J) -> 121817300
B18: 13 | C18: =IF(B18="","",HLOOKUP(B18,etela,2,0)) -> کوثر مولایی | D18: =SUMIF('ریزهزینه کرد مددجوها'!E:E,'خلاصه هزینه کرد مددجوها'!B18,'ریزهزینه کرد مددجوها'!J:J) -> 15443500
B19: 14 | C19: =IF(B19="","",HLOOKUP(B19,etela,2,0)) -> زهرا تاتاری | D19: =SUMIF('ریزهزینه کرد مددجوها'!E:E,'خلاصه هزینه کرد مددجوها'!B19,'ریزهزینه کرد مددجوها'!J:J) -> 4430000
B20: 15 | C20: =IF(B20="","",HLOOKUP(B20,etela,2,0)) -> یگانه رجایی سمرا | D20: =SUMIF('ریزهزینه کرد مددجوها'!E:E,'خلاصه هزینه کرد مددجوها'!B20,'ریزهزینه کرد مددجوها'!J:J) -> 1206000
B21: 16 | C21: =IF(B21="","",HLOOKUP(B21,etela,2,0)) -> یگانه خرمند سنجدبوری | D21: =SUMIF('ریزهزینه کرد مددجوها'!E:E,'خلاصه هزینه کرد مددجوها'!B21,'ریزهزینه کرد مددجوها'!J:J) -> 5183000
B22: 17 | C22: =IF(B22="","",HLOOKUP(B22,etela,2,0)) -> کوثر فارقی | D22: =SUMIF('ریزهزینه کرد مددجوها'!E:E,'خلاصه هزینه کرد مددجوها'!B22,'ریزهزینه کرد مددجوها'!J:J) -> 3674000
B23: 18 | C23: =IF(B23="","",HLOOKUP(B23,etela,2,0)) -> ریحانه نجفی | D23: =SUMIF('ریزهزینه کرد مددجوها'!E:E,'خلاصه هزینه کرد مددجوها'!B23,'ریزهزینه کرد مددجوها'!J:J) -> 0
B24: 19 | C24: =IF(B24="","",HLOOKUP(B24,etela,2,0)) -> نادیا احمدی | D24: =SUMIF('ریزهزینه کرد مددجوها'!E:E,'خلاصه هزینه کرد مددجوها'!B24,'ریزهزینه کرد مددجوها'!J:J) -> 2506000
B25: 20 | C25: =IF(B25="","",HLOOKUP(B25,etela,2,0)) -> پری زارع | D25: =SUMIF('ریزهزینه کرد مددجوها'!E:E,'خلاصه هزینه کرد مددجوها'!B25,'ریزهزینه کرد مددجوها'!J:J) -> 20838400
... B30: 25 | C30: =IF(B30="","",HLOOKUP(B30,etela,2,0)) -> مبینا عباسی | D30: =SUMIF('ریزهزینه کرد مددجوها'!E:E,'خلاصه هزینه کرد مددجوها'!B30,'ریزهزینه کرد مددجوها'!J:J) -> 5070000
B31: 26 | C31: =IF(B31="","",HLOOKUP(B31,kamel,2,0)) -> الناز حبیب زاده | D31: =SUMIF('ریزهزینه کرد مددجوها'!E:E,'خلاصه هزینه کرد مددجوها'!B31,'ریزهزینه کرد مددجوها'!J:J) -> 0
B32: 27 | C32: =IF(B32="","",HLOOKUP(B32,kamel,2,0)) -> نرگس علینژاد | D32: =SUMIF('ریزهزینه کرد مددجوها'!E:E,'خلاصه هزینه کرد مددجوها'!B32,'ریزهزینه کرد مددجوها'!J:J) -> 42117600
B33: 28 | C33: =IF(B33="","",HLOOKUP(B33,kamel,2,0)) -> زینب ادبی یکه باغی | D33: =SUMIF('ریزهزینه کرد مددجوها'!E:E,'خلاصه هزینه کرد مددجوها'!B33,'ریزهزینه کرد مددجوها'!J:J) -> 8967200
B34: 29 | C34: =IF(B34="","",HLOOKUP(B34,kamel,2,0)) -> آتنا جر | D34: =SUMIF('ریزهزینه کرد مددجوها'!E:E,'خلاصه هزینه کرد مددجوها'!B34,'ریزهزینه کرد مددجوها'!J:J) -> 55385240
B35: 30 | C35: =IF(B35="","",HLOOKUP(B35,kamel,2,0)) -> مبینا علیزاده | D35: =SUMIF('ریزهزینه کرد مددجوها'!E:E,'خلاصه هزینه کرد مددجوها'!B35,'ریزهزینه کرد مددجوها'!J:J) -> 6362000
B36: 31 | C36: =IF(B36="","",HLOOKUP(B36,kamel,2,0)) -> یگانه محمددوست | D36: =SUMIF('ریزهزینه کرد مددجوها'!E:E,'خلاصه هزینه کرد مددجوها'!B36,'ریزهزینه کرد مددجوها'!J:J) -> 8723500
B37: 32 | C37: =IF(B37="","",HLOOKUP(B37,kamel,2,0)) -> رقیه الزوینی | D37: =SUMIF('ریزهزینه کرد مددجوها'!E:E,'خلاصه هزینه کرد مددجوها'!B37,'ریزهزینه کرد مددجوها'!J:J) -> 9648500
B38: 33 | C38: =IF(B38="","",HLOOKUP(B38,kamel,2,0)) -> عارفه آذرنگ | D38: =SUMIF('ریزهزینه کرد مددجوها'!E:E,'خلاصه هزینه کرد مددجوها'!B38,'ریزهزینه کرد مددجوها'!J:J) -> 16550900
B39: 34 | C39: =IF(B39="","",HLOOKUP(B39,kamel,2,0)) -> یگانه عبدالله زاده | D39: =SUMIF('ریزهزینه کرد مددجوها'!E:E,'خلاصه هزینه کرد مددجوها'!B39,'ریزهزینه کرد مددجوها'!J:J) -> 33129194
B40: 35 | C40: =IF(B40="","",HLOOKUP(B40,kamel,2,0)) -> ثنا پور دوران | D40: =SUMIF('ریزهزینه کرد مددجوها'!E:E,'خلاصه هزینه کرد مددجوها'!B40,'ریزهزینه کرد مددجوها'!J:J) -> 87923200
B41: 36 | C41: =IF(B41="","",HLOOKUP(B41,kamel,2,0)) -> هدیه محمد پور جاغرق | D41: =SUMIF('ریزهزینه کرد مددجوها'!E:E,'خلاصه هزینه کرد مددجوها'!B41,'ریزهزینه کرد مددجوها'!J:J) -> 70002520
B42: 37 | C42: =IF(B42="","",HLOOKUP(B42,kamel,2,0)) -> کوثر صفری | D42: =SUMIF('ریزهزینه کرد مددجوها'!E:E,'خلاصه هزینه کرد مددجوها'!B42,'ریزهزینه کرد مددجوها'!J:J) -> 87502520
... B84: 79 | C84: =IF(B84="","",HLOOKUP(B84,kamel,2,0)) -> #N/A | D84: =SUMIF('ریزهزینه کرد مددجوها'!E:E,'خلاصه هزینه کرد مددجوها'!B84,'ریزهزینه کرد مددجوها'!J:J) -> 0
B85: 80 | C85: =IF(B85="","",HLOOKUP(B85,etela,2,0)) -> #N/A | D85: =SUMIF('ریزهزینه کرد مددجوها'!E:E,'خلاصه هزینه کرد مددجوها'!B85,'ریزهزینه کرد مددجوها'!J:J) -> 0
B86: 81 | C86: =IF(B86="","",HLOOKUP(B86,etela,2,0)) -> #N/A | D86: =SUMIF('ریزهزینه کرد مددجوها'!E:E,'خلاصه هزینه کرد مددجوها'!B86,'ریزهزینه کرد مددجوها'!J:J) -> 0
B87: 82 | C87: =IF(B87="","",HLOOKUP(B87,etela,2,0)) -> #N/A | D87: =SUMIF('ریزهزینه کرد مددجوها'!E:E,'خلاصه هزینه کرد مددجوها'!B87,'ریزهزینه کرد مددجوها'!J:J) -> 0
B88: 83 | C88: =IF(B88="","",HLOOKUP(B88,etela,2,0)) -> #N/A | D88: =SUMIF('ریزهزینه کرد مددجوها'!E:E,'خلاصه هزینه کرد مددجوها'!B88,'ریزهزینه کرد مددجوها'!J:J) -> 0
B89: 84 | C89: =IF(B89="","",HLOOKUP(B89,etela,2,0)) -> #N/A | D89: =SUMIF('ریزهزینه کرد مددجوها'!E:E,'خلاصه هزینه کرد مددجوها'!B89,'ریزهزینه کرد مددجوها'!J:J) -> 0
B90: 85 | C90: =IF(B90="","",HLOOKUP(B90,etela,2,0)) -> #N/A | D90: =SUMIF('ریزهزینه کرد مددجوها'!E:E,'خلاصه هزینه کرد مددجوها'!B90,'ریزهزینه کرد مددجوها'!J:J) -> 0
B91: 86 | C91: =IF(B91="","",HLOOKUP(B91,etela,2,0)) -> #N/A | D91: =SUMIF('ریزهزینه کرد مددجوها'!E:E,'خلاصه هزینه کرد مددجوها'!B91,'ریزهزینه کرد مددجوها'!J:J) -> 0
B92: 87 | C92: =IF(B92="","",HLOOKUP(B92,etela,2,0)) -> #N/A | D92: =SUMIF('ریزهزینه کرد مددجوها'!E:E,'خلاصه هزینه کرد مددجوها'!B92,'ریزهزینه کرد مددجوها'!J:J) -> 0
B93: 88 | C93: =IF(B93="","",HLOOKUP(B93,etela,2,0)) -> #N/A | D93: =SUMIF('ریزهزینه کرد مددجوها'!E:E,'خلاصه هزینه کرد مددجوها'!B93,'ریزهزینه کرد مددجوها'!J:J) -> 0
B94: 89 | C94: =IF(B94="","",HLOOKUP(B94,etela,2,0)) -> #N/A | D94: =SUMIF('ریزهزینه کرد مددجوها'!E:E,'خلاصه هزینه کرد مددجوها'!B94,'ریزهزینه کرد مددجوها'!J:J) -> 0
B95: 90 | C95: =IF(B95="","",HLOOKUP(B95,etela,2,0)) -> #N/A | D95: =SUMIF('ریزهزینه کرد مددجوها'!E:E,'خلاصه هزینه کرد مددجوها'!B95,'ریزهزینه کرد مددجوها'!J:J) -> 0
B96: 91 | C96: =IF(B96="","",HLOOKUP(B96,etela,2,0)) -> #N/A | D96: =SUMIF('ریزهزینه کرد مددجوها'!E:E,'خلاصه هزینه کرد مددجوها'!B96,'ریزهزینه کرد مددجوها'!J:J) -> 0
... B123: 118 | C123: =IF(B123="","",HLOOKUP(B123,etela,2,0)) -> #N/A | D123: =SUMIF('ریزهزینه کرد مددجوها'!E:E,'خلاصه هزینه کرد مددجوها'!B123,'ریزهزینه کرد مددجوها'!J:J) -> 0
D124: =SUBTOTAL(109,'خلاصه هزینه کرد مددجوها'!$D$3:$D$123) -> 7885359514

Sheet لیست واریزی ماهیانه
A1: Column1 | B1: ردیف | C1: نام | D1: نام خانوادگی | E1: تاریخ واریزی | F1: شماره کارت | G1: ماه | H1: Column2 | I1: سال | J1: شماره فیش | K1: مبلغ واریزی | L1: توضیحات ‍‍‍‍ | M1: Column3
A2: ok | B2: =SUMIFS('لیست واریزی کل خیرین'!B:B,'لیست واریزی کل خیرین'!D:D,Table1[[#This Row],[نام]],'لیست واریزی کل خیرین'!E:E,Table1[[#This Row],[نام خانوادگی]]) -> 22 | C2: عطا | D2: امیدوار | E2: 1401/04/01 | F2: 5.029081e+15 | G2: خرداد | H2: =IF(G2="","",VLOOKUP(G2,mah,2,0)) -> 3 | I2: 1401 | K2: 2000000 | Q2: فروردین | R2: 1
A3: ok | B3: =SUMIFS('لیست واریزی کل خیرین'!B:B,'لیست واریزی کل خیرین'!D:D,Table1[[#This Row],[نام]],'لیست واریزی کل خیرین'!E:E,Table1[[#This Row],[نام خانوادگی]]) -> 8 | C3: داوود | D3: بامیری | E3: 1401/03/25 | F3: 6.1043379e+15 | G3: خرداد | H3: =IF(G3="","",VLOOKUP(G3,mah,2,0)) -> 3 | I3: 1401 | K3: 5000000 | Q3: اردیبهشت | R3: 2
A4: ok | B4: =SUMIFS('لیست واریزی کل خیرین'!B:B,'لیست واریزی کل خیرین'!D:D,Table1[[#This Row],[نام]],'لیست واریزی کل خیرین'!E:E,Table1[[#This Row],[نام خانوادگی]]) -> 63 | C4: سود | D4: بانکی | E4: 1401/03/31 | F4: ---------------- | G4: خرداد | H4: =IF(G4="","",VLOOKUP(G4,mah,2,0)) -> 3 | I4: 1401 | K4: 4570 | Q4: خرداد | R4: 3
A5: ok | B5: =SUMIFS('لیست واریزی کل خیرین'!B:B,'لیست واریزی کل خیرین'!D:D,Table1[[#This Row],[نام]],'لیست واریزی کل خیرین'!E:E,Table1[[#This Row],[نام خانوادگی]]) -> 19 | C5: محمد | D5: برجسته | E5: 1401/03/30 | F5: 6.0376976e+15 | G5: خرداد | H5: =IF(G5="","",VLOOKUP(G5,mah,2,0)) -> 3 | I5: 1401 | K5: 10000000 | Q5: تیر | R5: 4
A6: ok | B6: =SUMIFS('لیست واریزی کل خیرین'!B:B,'لیست واریزی کل خیرین'!D:D,Table1[[#This Row],[نام]],'لیست واریزی کل خیرین'!E:E,Table1[[#This Row],[نام خانوادگی]]) -> 1 | C6: فرید | D6: برهان علمی | E6: 1401/03/25 | F6: 6.1043376e+15 | G6: خرداد | H6: =IF(G6="","",VLOOKUP(G6,mah,2,0)) -> 3 | I6: 1401 | K6: 10000000 | Q6: مرداد | R6: 5
A7: ok | B7: =SUMIFS('لیست واریزی کل خیرین'!B:B,'لیست واریزی کل خیرین'!D:D,Table1[[#This Row],[نام]],'لیست واریزی کل خیرین'!E:E,Table1[[#This Row],[نام خانوادگی]]) -> 2 | C7: بهنام | D7: بهرمن | E7: 1401/03/23 | F7: خاتم عطیه نادری | G7: خرداد | H7: =IF(G7="","",VLOOKUP(G7,mah,2,0)) -> 3 | I7: 1401 | K7: 20000000 | Q7: شهریور | R7: 6
A8: ok | B8: =SUMIFS('لیست واریزی کل خیرین'!B:B,'لیست واریزی کل خیرین'!D:D,Table1[[#This Row],[نام]],'لیست واریزی کل خیرین'!E:E,Table1[[#This Row],[نام خانوادگی]]) -> 4 | C8: فرهنگ | D8: بهلول | E8: 1401/03/24 | F8: 6.219861e+15 | G8: خرداد | H8: =IF(G8="","",VLOOKUP(G8,mah,2,0)) -> 3 | I8: 1401 | K8: 2000000 | Q8: مهر | R8: 7
A9: ok | B9: =SUMIFS('لیست واریزی کل خیرین'!B:B,'لیست واریزی کل خیرین'!D:D,Table1[[#This Row],[نام]],'لیست واریزی کل خیرین'!E:E,Table1[[#This Row],[نام خانوادگی]]) -> 9 | C9: مجتبی | D9: حسن آبادی | E9: 1401/03/25 | F9: 6.0376915e+15 | G9: خرداد | H9: =IF(G9="","",VLOOKUP(G9,mah,2,0)) -> 3 | I9: 1401 | K9: 5000000 | Q9: آبان | R9: 8
A10: ok | B10: =SUMIFS('لیست واریزی کل خیرین'!B:B,'لیست واریزی کل خیرین'!D:D,Table1[[#This Row],[نام]],'لیست واریزی کل خیرین'!E:E,Table1[[#This Row],[نام خانوادگی]]) -> 11 | C10: رضا | D10: حسینی | E10: 1401/03/26 | F10: 6.063731e+15 | G10: خرداد | H10: =IF(G10="","",VLOOKUP(G10,mah,2,0)) -> 3 | I10: 1401 | K10: 20000000 | Q10: آذر | R10: 9
A11: ok | B11: =SUMIFS('لیست واریزی کل خیرین'!B:B,'لیست واریزی کل خیرین'!D:D,Table1[[#This Row],[نام]],'لیست واریزی کل خیرین'!E:E,Table1[[#This Row],[نام خانوادگی]]) -> 7 | C11: احسان | D11: خدیوی | E11: 1401/03/25 | F11: 6.0379919e+15 | G11: خرداد | H11: =IF(G11="","",VLOOKUP(G11,mah,2,0)) -> 3 | I11: 1401 | K11: 5000000 | Q11: دی | R11: 10
A12: ok | B12: =SUMIFS('لیست واریزی کل خیرین'!B:B,'لیست واریزی کل خیرین'!D:D,Table1[[#This Row],[نام]],'لیست واریزی کل خیرین'!E:E,Table1[[#This Row],[نام خانوادگی]]) -> 7 | C12: احسان | D12: خدیوی | E12: 1401/03/30 | F12: 6.0379919e+15 | G12: خرداد | H12: =IF(G12="","",VLOOKUP(G12,mah,2,0)) -> 3 | I12: 1401 | K12: 5000000 | L12: واریز دوم | Q12: بهمن | R12: 11
A13: ok | B13: =SUMIFS('لیست واریزی کل خیرین'!B:B,'لیست واریزی کل خیرین'!D:D,Table1[[#This Row],[نام]],'لیست واریزی کل خیرین'!E:E,Table1[[#This Row],[نام خانوادگی]]) -> 18 | C13: آرش | D13: رجب پور | E13: 1401/03/29 | F13: 5.0541616e+17 | G13: خرداد | H13: =IF(G13="","",VLOOKUP(G13,mah,2,0)) -> 3 | I13: 1401 | K13: 50000000 | Q13: اسفند | R13: 12
A14: ok | B14: =SUMIFS('لیست واریزی کل خیرین'!B:B,'لیست واریزی کل خیرین'!D:D,Table1[[#This Row],[نام]],'لیست واریزی کل خیرین'!E:E,Table1[[#This Row],[نام خانوادگی]]) -> 12 | C14: محمد | D14: رکن | E14: 1401/03/26 | F14: 5.0222915e+15 | G14: خرداد | H14: =IF(G14="","",VLOOKUP(G14,mah,2,0)) -> 3 | I14: 1401 | K14: 5000000
A15: ok | B15: =SUMIFS('لیست واریزی کل خیرین'!B:B,'لیست واریزی کل خیرین'!D:D,Table1[[#This Row],[نام]],'لیست واریزی کل خیرین'!E:E,Table1[[#This Row],[نام خانوادگی]]) -> 14 | C15: حسین | D15: زرنگیان | E15: 1401/03/26 | F15: 5.057851e+15 | G15: خرداد | H15: =IF(G15="","",VLOOKUP(G15,mah,2,0)) -> 3 | I15: 1401 | K15: 10000000
A16: ok | B16: =SUMIFS('لیست واریزی کل خیرین'!B:B,'لیست واریزی کل خیرین'!D:D,Table1[[#This Row],[نام]],'لیست واریزی کل خیرین'!E:E,Table1[[#This Row],[نام خانوادگی]]) -> 17 | C16: حمیدرضا | D16: شکوهی زاده | E16: 1401/03/29 | F16: 6.1043379e+15 | G16: خرداد | H16: =IF(G16="","",VLOOKUP(G16,mah,2,0)) -> 3 | I16: 1401 | K16: 15000000
A17: ok | B17: =SUMIFS('لیست واریزی کل خیرین'!B:B,'لیست واریزی کل خیرین'!D:D,Table1[[#This Row],[نام]],'لیست واریزی کل خیرین'!E:E,Table1[[#This Row],[نام خانوادگی]]) -> 16 | C17: محمد | D17: صاحبکار | E17: 1401/03/29 | F17: 6.0379981e+15 | G17: خرداد | H17: =IF(G17="","",VLOOKUP(G17,mah,2,0)) -> 3 | I17: 1401 | K17: 3000000 | L17: اصل فیش واریزی 500 هزار تومان بوده است که 200 هزار تومان برای تیرماه لحاظ میشود
A18: ok | B18: =SUMIFS('لیست واریزی کل خیرین'!B:B,'لیست واریزی کل خیرین'!D:D,Table1[[#This Row],[نام]],'لیست واریزی کل خیرین'!E:E,Table1[[#This Row],[نام خانوادگی]]) -> 6 | C18: مهدی | D18: صنوبری | E18: 1401/03/21 | F18: 6.0376975e+15 | G18: خرداد | H18: =IF(G18="","",VLOOKUP(G18,mah,2,0)) -> 3 | I18: 1401 | K18: 5000000
A19: ok | B19: =SUMIFS('لیست واریزی کل خیرین'!B:B,'لیست واریزی کل خیرین'!D:D,Table1[[#This Row],[نام]],'لیست واریزی کل خیرین'!E:E,Table1[[#This Row],[نام خانوادگی]]) -> 10 | C19: فرزاد | D19: فرشید | E19: 1401/03/26 | F19: ------- | G19: خرداد | H19: =IF(G19="","",VLOOKUP(G19,mah,2,0)) -> 3 | I19: 1401 | K19: 100000000
A20: ok | B20: =SUMIFS('لیست واریزی کل خیرین'!B:B,'لیست واریزی کل خیرین'!D:D,Table1[[#This Row],[نام]],'لیست واریزی کل خیرین'!E:E,Table1[[#This Row],[نام خانوادگی]]) -> 3 | C20: اکبر | D20: قدس روحانی | E20: 1401/03/21 | F20: 6.0376976e+15 | G20: خرداد | H20: =IF(G20="","",VLOOKUP(G20,mah,2,0)) -> 3 | I20: 1401 | K20: 30000000
A21: ok | B21: =SUMIFS('لیست واریزی کل خیرین'!B:B,'لیست واریزی کل خیرین'!D:D,Table1[[#This Row],[نام]],'لیست واریزی کل خیرین'!E:E,Table1[[#This Row],[نام خانوادگی]]) -> 15 | C21: حمید | D21: قربانی | E21: 1401/03/28 | F21: 5.8946318e+15 | G21: خرداد | H21: =IF(G21="","",VLOOKUP(G21,mah,2,0)) -> 3 | I21: 1401 | K21: 10000000
A22: ok | B22: =SUMIFS('لیست واریزی کل خیرین'!B:B,'لیست واریزی کل خیرین'!D:D,Table1[[#This Row],[نام]],'لیست واریزی کل خیرین'!E:E,Table1[[#This Row],[نام خانوادگی]]) -> 20 | C22: رضا | D22: کهلایی | E22: 1401/03/29 | F22: -------------- | G22: خرداد | H22: =IF(G22="","",VLOOKUP(G22,mah,2,0)) -> 3 | I22: 1401 | K22: 20000000
A23: ok | B23: =SUMIFS('لیست واریزی کل خیرین'!B:B,'لیست واریزی کل خیرین'!D:D,Table1[[#This Row],[نام]],'لیست واریزی کل خیرین'!E:E,Table1[[#This Row],[نام خانوادگی]]) -> 13 | C23: مجتبی | D23: معدنی | E23: 1401/03/28 | F23: 6.2198611e+15 | G23: خرداد | H23: =IF(G23="","",VLOOKUP(G23,mah,2,0)) -> 3 | I23: 1401 | K23: 2500000 | L23: گل واریزی یک میلیون تومن برای 4 ماه
A24: ok | B24: =SUMIFS('لیست واریزی کل خیرین'!B:B,'لیست واریزی کل خیرین'!D:D,Table1[[#This Row],[نام]],'لیست واریزی کل خیرین'!E:E,Table1[[#This Row],[نام خانوادگی]]) -> 5 | C24: مسعود | D24: مهدیزاده | E24: 1401/03/24 | F24: 5.8598312e+15 | G24: خرداد | H24: =IF(G24="","",VLOOKUP(G24,mah,2,0)) -> 3 | I24: 1401 | K24: 5000000
A25: ok | B25: =SUMIFS('لیست واریزی کل خیرین'!B:B,'لیست واریزی کل خیرین'!D:D,Table1[[#This Row],[نام]],'لیست واریزی کل خیرین'!E:E,Table1[[#This Row],[نام خانوادگی]]) -> 21 | C25: محمد | D25: موسوی | E25: 1401/03/31 | F25: 5.022291e+15 | G25: خرداد | H25: =IF(G25="","",VLOOKUP(G25,mah,2,0)) -> 3 | I25: 1401 | K25: 5000000
A26: ok | B26: =SUMIFS('لیست واریزی کل خیرین'!B:B,'لیست واریزی کل خیرین'!D:D,Table1[[#This Row],[نام]],'لیست واریزی کل خیرین'!E:E,Table1[[#This Row],[نام خانوادگی]]) -> 23 | C26: علیرضا | D26: مولایی | E26: 1401/04/01 | F26: 5.022291e+15 | G26: خرداد | H26: =IF(G26="","",VLOOKUP(G26,mah,2,0)) -> 3 | I26: 1401 | K26: 10000000
A27: ok | B27: =SUMIFS('لیست واریزی کل خیرین'!B:B,'لیست واریزی کل خیرین'!D:D,Table1[[#This Row],[نام]],'لیست واریزی کل خیرین'!E:E,Table1[[#This Row],[نام خانوادگی]]) -> 28 | C27: عماد | D27: احتشام | E27: 1401/04/23 | F27: 6.0379972e+15 | G27: تیر | H27: =IF(G27="","",VLOOKUP(G27,mah,2,0)) -> 4 | I27: 1401 | K27: 10000000 | L27: (900+100)
A28: ok | B28: =SUMIFS('لیست واریزی کل خیرین'!B:B,'لیست واریزی کل خیرین'!D:D,Table1[[#This Row],[نام]],'لیست واریزی کل خیرین'!E:E,Table1[[#This Row],[نام خانوادگی]]) -> 22 | C28: عطا | D28: امیدوار | E28: 1401/04/29 | F28: 5.029081e+15 | G28: تیر | H28: =IF(G28="","",VLOOKUP(G28,mah,2,0)) -> 4 | I28: 1401 | K28: 2000000
A29: ok | B29: =SUMIFS('لیست واریزی کل خیرین'!B:B,'لیست واریزی کل خیرین'!D:D,Table1[[#This Row],[نام]],'لیست واریزی کل خیرین'!E:E,Table1[[#This Row],[نام خانوادگی]]) -> 30 | C29: خانم | D29: امین آقایی | E29: 1401/04/24 | F29: 5.022291e+15 | G29: تیر | H29: =IF(G29="","",VLOOKUP(G29,mah,2,0)) -> 4 | I29: 1401 | K29: 10000000
A30: ok | B30: =SUMIFS('لیست واریزی کل خیرین'!B:B,'لیست واریزی کل خیرین'!D:D,Table1[[#This Row],[نام]],'لیست واریزی کل خیرین'!E:E,Table1[[#This Row],[نام خانوادگی]]) -> 8 | C30: داوود | D30: بامیری | E30: 1401/04/16 | F30: 6.1043376e+15 | G30: تیر | H30: =IF(G30="","",VLOOKUP(G30,mah,2,0)) -> 4 | I30: 1401 | K30: 5000000
A31: ok | B31: =SUMIFS('لیست واریزی کل خیرین'!B:B,'لیست واریزی کل خیرین'!D:D,Table1[[#This Row],[نام]],'لیست واریزی کل خیرین'!E:E,Table1[[#This Row],[نام خانوادگی]]) -> 63 | C31: سود | D31: بانکی | E31: 1401/04/22 | F31: ---------------- | G31: تیر | H31: =IF(G31="","",VLOOKUP(G31,mah,2,0)) -> 4 | I31: 1401 | K31: 61172
A32: ok | B32: =SUMIFS('لیست واریزی کل خیرین'!B:B,'لیست واریزی کل خیرین'!D:D,Table1[[#This Row],[نام]],'لیست واریزی کل خیرین'!E:E,Table1[[#This Row],[نام خانوادگی]]) -> 19 | C32: محمد | D32: برجسته | E32: 1401/04/29 | F32: 6.0376976e+15 | G32: تیر | H32: =IF(G32="","",VLOOKUP(G32,mah,2,0)) -> 4 | I32: 1401 | K32: 10000000
A33: ok | B33: =SUMIFS('لیست واریزی کل خیرین'!B:B,'لیست واریزی کل خیرین'!D:D,Table1[[#This Row],[نام]],'لیست واریزی کل خیرین'!E:E,Table1[[#This Row],[نام خانوادگی]]) -> 1 | C33: فرید | D33: برهان علمی | E33: 1401/04/21 | F33: 6.1043376e+15 | G33: تیر | H33: =IF(G33="","",VLOOKUP(G33,mah,2,0)) -> 4 | I33: 1401 | K33: 10000000
B34: =SUMIFS('لیست واریزی کل خیرین'!B:B,'لیست واریزی کل خیرین'!D:D,Table1[[#This Row],[نام]],'لیست واریزی کل خیرین'!E:E,Table1[[#This Row],[نام خانوادگی]]) -> 2 | C34: بهنام | D34: بهرمن | E34: 1401/04/18 | F34: عفت هروی(بهرمن) | G34: تیر | H34: =IF(G34="","",VLOOKUP(G34,mah,2,0)) -> 4 | I34: 1401 | K34: 5000000
A35: ok | B35: =SUMIFS('لیست واریزی کل خیرین'!B:B,'لیست واریزی کل خیرین'!D:D,Table1[[#This Row],[نام]],'لیست واریزی کل خیرین'!E:E,Table1[[#This Row],[نام خانوادگی]]) -> 2 | C35: بهنام | D35: بهرمن | E35: 1401/04/25 | F35: عطیه نادری | G35: تیر | H35: =IF(G35="","",VLOOKUP(G35,mah,2,0)) -> 4 | I35: 1401 | K35: 15000000 | L35: واریز دوم
A36: ok | B36: =SUMIFS('لیست واریزی کل خیرین'!B:B,'لیست واریزی کل خیرین'!D:D,Table1[[#This Row],[نام]],'لیست واریزی کل خیرین'!E:E,Table1[[#This Row],[نام خانوادگی]]) -> 4 | C36: فرهنگ | D36: بهلول | E36: 1401/04/14 | F36: 6.219861e+15 | G36: تیر | H36: =IF(G36="","",VLOOKUP(G36,mah,2,0)) -> 4 | I36: 1401 | K36: 2000000
A37: ok | B37: =SUMIFS('لیست واریزی کل خیرین'!B:B,'لیست واریزی کل خیرین'!D:D,Table1[[#This Row],[نام]],'لیست واریزی کل خیرین'!E:E,Table1[[#This Row],[نام خانوادگی]]) -> 26 | C37: مهدی | D37: پرواز | E37: 1401/04/08 | F37: 6.0379918e+15 | G37: تیر | H37: =IF(G37="","",VLOOKUP(G37,mah,2,0)) -> 4 | I37: 1401 | K37: 10000000
A38: ok | B38: =SUMIFS('لیست واریزی کل خیرین'!B:B,'لیست واریزی کل خیرین'!D:D,Table1[[#This Row],[نام]],'لیست واریزی کل خیرین'!E:E,Table1[[#This Row],[نام خانوادگی]]) -> 25 | C38: محمد رضا | D38: پوررضایی | E38: 1401/04/07 | F38: 6.0379972e+15 | G38: تیر | H38: =IF(G38="","",VLOOKUP(G38,mah,2,0)) -> 4 | I38: 1401 | K38: 30000000
A39: ok | B39: =SUMIFS('لیست واریزی کل خیرین'!B:B,'لیست واریزی کل خیرین'!D:D,Table1[[#This Row],[نام]],'لیست واریزی کل خیرین'!E:E,Table1[[#This Row],[نام خانوادگی]]) -> 39 | C39: مهدی | D39: تولیت | E39: 1401/04/30 | F39: 6.0376976e+15 | G39: تیر | H39: =IF(G39="","",VLOOKUP(G39,mah,2,0)) -> 4 | I39: 1401 | K39: 16000000 | L39: اصل واریزی 3/2 میلیون بوده که برای مرداد و تیر لحاظ شده است
A40: ok | B40: =SUMIFS('لیست واریزی کل خیرین'!B:B,'لیست واریزی کل خیرین'!D:D,Table1[[#This Row],[نام]],'لیست واریزی کل خیرین'!E:E,Table1[[#This Row],[نام خانوادگی]]) -> 24 | D40: جعفری آزاد | E40: 1401/04/06 | F40: 5.0222913e+15 | G40: تیر | H40: =IF(G40="","",VLOOKUP(G40,mah,2,0)) -> 4 | I40: 1401 | K40: 5000000
A41: ok | B41: =SUMIFS('لیست واریزی کل خیرین'!B:B,'لیست واریزی کل خیرین'!D:D,Table1[[#This Row],[نام]],'لیست واریزی کل خیرین'!E:E,Table1[[#This Row],[نام خانوادگی]]) -> 9 | C41: مجتبی | D41: حسن آبادی | E41: 1401/04/18 | F41: 6.0376915e+15 | G41: تیر | H41: =IF(G41="","",VLOOKUP(G41,mah,2,0)) -> 4 | I41: 1401 | K41: 5000000
A42: ok | B42: =SUMIFS('لیست واریزی کل خیرین'!B:B,'لیست واریزی کل خیرین'!D:D,Table1[[#This Row],[نام]],'لیست واریزی کل خیرین'!E:E,Table1[[#This Row],[نام خانوادگی]]) -> 11 | C42: رضا | D42: حسینی | E42: 1401/04/10 | F42: 6.063731e+15 | G42: تیر | H42: =IF(G42="","",VLOOKUP(G42,mah,2,0)) -> 4 | I42: 1401 | K42: 20000000
A43: ok | B43: =SUMIFS('لیست واریزی کل خیرین'!B:B,'لیست واریزی کل خیرین'!D:D,Table1[[#This Row],[نام]],'لیست واریزی کل خیرین'!E:E,Table1[[#This Row],[نام خانوادگی]]) -> 7 | C43: احسان | D43: خدیوی | E43: 1401/04/17 | F43: 6.0379919e+15 | G43: تیر | H43: =IF(G43="","",VLOOKUP(G43,mah,2,0)) -> 4 | I43: 1401 | K43: 5000000
A44: ok | B44: =SUMIFS('لیست واریزی کل خیرین'!B:B,'لیست واریزی کل خیرین'!D:D,Table1[[#This Row],[نام]],'لیست واریزی کل خیرین'!E:E,Table1[[#This Row],[نام خانوادگی]]) -> 12 | C44: محمد | D44: رکن | E44: 1401/04/06 | F44: 5.0222915e+15 | G44: تیر | H44: =IF(G44="","",VLOOKUP(G44,mah,2,0)) -> 4 | I44: 1401 | K44: 3000000
A45: ok | B45: =SUMIFS('لیست واریزی کل خیرین'!B:B,'لیست واریزی کل خیرین'!D:D,Table1[[#This Row],[نام]],'لیست واریزی کل خیرین'!E:E,Table1[[#This Row],[نام خانوادگی]]) -> 14 | C45: حسین | D45: زرنگیان | E45: 1401/04/27 | F45: 5.8598311e+15 | G45: تیر | H45: =IF(G45="","",VLOOKUP(G45,mah,2,0)) -> 4 | I45: 1401 | K45: 10000000
A46: ok | B46: =SUMIFS('لیست واریزی کل خیرین'!B:B,'لیست واریزی کل خیرین'!D:D,Table1[[#This Row],[نام]],'لیست واریزی کل خیرین'!E:E,Table1[[#This Row],[نام خانوادگی]]) -> 17 | C46: حمیدرضا | D46: شکوهی زاده | E46: 1401/06/01 | F46: 6.1043379e+15 | G46: تیر | H46: =IF(G46="","",VLOOKUP(G46,mah,2,0)) -> 4 | I46: 1401 | K46: 15000000 | L46: اصل فیش 3 میلیون بوده که 1/5 میلیون برای مرداد و تیر لحاظ شده
A47: ok | B47: =SUMIFS('لیست واریزی کل خیرین'!B:B,'لیست واریزی کل خیرین'!D:D,Table1[[#This Row],[نام]],'لیست واریزی کل خیرین'!E:E,Table1[[#This Row],[نام خانوادگی]]) -> 16 | C47: محمد | D47: صاحبکار | E47: 1401/07/27 | F47: 6.0379981e+15 | G47: تیر | H47: =IF(G47="","",VLOOKUP(G47,mah,2,0)) -> 4 | I47: 1401 | K47: 3000000 | L47: مبلغ 200 هزار تومان از فیش خرداد و 100 هزار تومان از فیش 1/5میلیون بوده که برای تیر و مرداد و شهریور و مهر و آبان لحاظ شده و 200 هزار تومان برای آذر
A48: ok | B48: =SUMIFS('لیست واریزی کل خیرین'!B:B,'لیست واریزی کل خیرین'!D:D,Table1[[#This Row],[نام]],'لیست واریزی کل خیرین'!E:E,Table1[[#This Row],[نام خانوادگی]]) -> 31 | C48: دکتر | D48: صفایی | E48: 1401/04/25 | F48: 6.0379973e+15 | G48: تیر | H48: =IF(G48="","",VLOOKUP(G48,mah,2,0)) -> 4 | I48: 1401 | K48: 5000000
A49: ok | B49: =SUMIFS('لیست واریزی کل خیرین'!B:B,'لیست واریزی کل خیرین'!D:D,Table1[[#This Row],[نام]],'لیست واریزی کل خیرین'!E:E,Table1[[#This Row],[نام خانوادگی]]) -> 6 | C49: مهدی | D49: صنوبری | E49: 1401/04/06 | F49: 6.0376975e+15 | G49: تیر | H49: =IF(G49="","",VLOOKUP(G49,mah,2,0)) -> 4 | I49: 1401 | K49: 5000000
A50: ok | B50: =SUMIFS('لیست واریزی کل خیرین'!B:B,'لیست واریزی کل خیرین'!D:D,Table1[[#This Row],[نام]],'لیست واریزی کل خیرین'!E:E,Table1[[#This Row],[نام خانوادگی]]) -> 10 | C50: فرزاد | D50: فرشید | E50: 1401/04/21 | F50: 6.2210612e+15 | G50: تیر | H50: =IF(G50="","",VLOOKUP(G50,mah,2,0)) -> 4 | I50: 1401 | K50: 100000000
A51: ok | B51: =SUMIFS('لیست واریزی کل خیرین'!B:B,'لیست واریزی کل خیرین'!D:D,Table1[[#This Row],[نام]],'لیست واریزی کل خیرین'!E:E,Table1[[#This Row],[نام خانوادگی]]) -> 3 | C51: اکبر | D51: قدس روحانی | E51: 1401/04/19 | F51: 6.0376976e+15 | G51: تیر | H51: =IF(G51="","",VLOOKUP(G51,mah,2,0)) -> 4 | I51: 1401 | K51: 30000000
A52: ok | B52: =SUMIFS('لیست واریزی کل خیرین'!B:B,'لیست واریزی کل خیرین'!D:D,Table1[[#This Row],[نام]],'لیست واریزی کل خیرین'!E:E,Table1[[#This Row],[نام خانوادگی]]) -> 15 | C52: حمید | D52: قربانی | E52: 1401/04/24 | F52: 6.1043389e+15 | G52: تیر | H52: =IF(G52="","",VLOOKUP(G52,mah,2,0)) -> 4 | I52: 1401 | K52: 10000000
A53: ok | B53: =SUMIFS('لیست واریزی کل خیرین'!B:B,'لیست واریزی کل خیرین'!D:D,Table1[[#This Row],[نام]],'لیست واریزی کل خیرین'!E:E,Table1[[#This Row],[نام خانوادگی]]) -> 38 | C53: فرخ | D53: قزلی | E53: 1401/04/31 | G53: تیر | H53: =IF(G53="","",VLOOKUP(G53,mah,2,0)) -> 4 | I53: 1401 | K53: 3000000
A54: ok | B54: =SUMIFS('لیست واریزی کل خیرین'!B:B,'لیست واریزی کل خیرین'!D:D,Table1[[#This Row],[نام]],'لیست واریزی کل خیرین'!E:E,Table1[[#This Row],[نام خانوادگی]]) -> 20 | C54: رضا | D54: کهلایی | E54: 1401/05/01 | F54: 6.2210612e+15 | G54: تیر | H54: =IF(G54="","",VLOOKUP(G54,mah,2,0)) -> 4 | I54: 1401 | K54: 20000000 | L54: از کارت فرزاد واریز شده است
A55: ok | B55: =SUMIFS('لیست واریزی کل خیرین'!B:B,'لیست واریزی کل خیرین'!D:D,Table1[[#This Row],[نام]],'لیست واریزی کل خیرین'!E:E,Table1[[#This Row],[نام خانوادگی]]) -> 13 | C55: مجتبی | D55: معدنی | E55: 1401/03/28 | F55: 6.2198611e+15 | G55: تیر | H55: =IF(G55="","",VLOOKUP(G55,mah,2,0)) -> 4 | I55: 1401 | K55: 2500000 | L55: گل واریزی یک میلیون تومن برای 4 ماه
A56: ok | B56: =SUMIFS('لیست واریزی کل خیرین'!B:B,'لیست واریزی کل خیرین'!D:D,Table1[[#This Row],[نام]],'لیست واریزی کل خیرین'!E:E,Table1[[#This Row],[نام خانوادگی]]) -> 29 | C56: مادر | D56: مهدی صنوبری | E56: 1401/04/23 | F56: 6.0376975e+15 | G56: تیر | H56: =IF(G56="","",VLOOKUP(G56,mah,2,0)) -> 4 | I56: 1401 | K56: 10000000
A57: ok | B57: =SUMIFS('لیست واریزی کل خیرین'!B:B,'لیست واریزی کل خیرین'!D:D,Table1[[#This Row],[نام]],'لیست واریزی کل خیرین'!E:E,Table1[[#This Row],[نام خانوادگی]]) -> 5 | C57: مسعود | D57: مهدیزاده | E57: 1401/04/14 | F57: 5.8598312e+15 | G57: تیر | H57: =IF(G57="","",VLOOKUP(G57,mah,2,0)) -> 4 | I57: 1401 | K57: 5000000
A58: ok | B58: =SUMIFS('لیست واریزی کل خیرین'!B:B,'لیست واریزی کل خیرین'!D:D,Table1[[#This Row],[نام]],'لیست واریزی کل خیرین'!E:E,Table1[[#This Row],[نام خانوادگی]]) -> 21 | C58: محمد | D58: موسوی | E58: 1401/04/27 | F58: 5.022291e+15 | G58: تیر | H58: =IF(G58="","",VLOOKUP(G58,mah,2,0)) -> 4 | I58: 1401 | K58: 5000000
A59: ok | B59: =SUMIFS('لیست واریزی کل خیرین'!B:B,'لیست واریزی کل خیرین'!D:D,Table1[[#This Row],[نام]],'لیست واریزی کل خیرین'!E:E,Table1[[#This Row],[نام خانوادگی]]) -> 23 | C59: علیرضا | D59: مولایی | E59: 1401/05/01 | F59: 6219861902605756 | G59: تیر | H59: =IF(G59="","",VLOOKUP(G59,mah,2,0)) -> 4 | I59: 1401 | K59: 10000000
A60: ok | B60: =SUMIFS('لیست واریزی کل خیرین'!B:B,'لیست واریزی کل خیرین'!D:D,Table1[[#This Row],[نام]],'لیست واریزی کل خیرین'!E:E,Table1[[#This Row],[نام خانوادگی]]) -> 27 | C60: مهندس | D60: میربلوک | E60: 1401/04/21 | F60: 6.1043378e+15 | G60: تیر | H60: =IF(G60="","",VLOOKUP(G60,mah,2,0)) -> 4 | I60: 1401 | K60: 5000000
A61: ok | B61: =SUMIFS('لیست واریزی کل خیرین'!B:B,'لیست واریزی کل خیرین'!D:D,Table1[[#This Row],[نام]],'لیست واریزی کل خیرین'!E:E,Table1[[#This Row],[نام خانوادگی]]) -> 28 | C61: عماد | D61: احتشام | E61: 1401/05/12 | F61: 6037997170998604 | G61: مرداد | H61: =IF(G61="","",VLOOKUP(G61,mah,2,0)) -> 5 | I61: 1401 | K61: 500000
A62: ok | B62: =SUMIFS('لیست واریزی کل خیرین'!B:B,'لیست واریزی کل خیرین'!D:D,Table1[[#This Row],[نام]],'لیست واریزی کل خیرین'!E:E,Table1[[#This Row],[نام خانوادگی]]) -> 28 | C62: عماد | D62: احتشام | E62: 1401/05/18 | F62: 6037997170998604 | G62: مرداد | H62: =IF(G62="","",VLOOKUP(G62,mah,2,0)) -> 5 | I62: 1401 | K62: 10500000
A63: ok | B63: =SUMIFS('لیست واریزی کل خیرین'!B:B,'لیست واریزی کل خیرین'!D:D,Table1[[#This Row],[نام]],'لیست واریزی کل خیرین'!E:E,Table1[[#This Row],[نام خانوادگی]]) -> 28 | C63: عماد | D63: احتشام | E63: 1401/05/22 | F63: 6037997170998604 | G63: مرداد | H63: =IF(G63="","",VLOOKUP(G63,mah,2,0)) -> 5 | I63: 1401 | K63: 1000000
A64: ok | B64: =SUMIFS('لیست واریزی کل خیرین'!B:B,'لیست واریزی کل خیرین'!D:D,Table1[[#This Row],[نام]],'لیست واریزی کل خیرین'!E:E,Table1[[#This Row],[نام خانوادگی]]) -> 28 | C64: عماد | D64: احتشام | E64: 1401/05/28 | F64: 6037997170998604 | G64: مرداد | H64: =IF(G64="","",VLOOKUP(G64,mah,2,0)) -> 5 | I64: 1401 | K64: 1000000
A65: ok | B65: =SUMIFS('لیست واریزی کل خیرین'!B:B,'لیست واریزی کل خیرین'!D:D,Table1[[#This Row],[نام]],'لیست واریزی کل خیرین'!E:E,Table1[[#This Row],[نام خانوادگی]]) -> 34 | C65: علیرضا | D65: اعتضادی | E65: 1401/05/17 | F65: 5.859831e+15 | G65: مرداد | H65: =IF(G65="","",VLOOKUP(G65,mah,2,0)) -> 5 | I65: 1401 | K65: 5000000 | L65: فیش واریزی 1 میلیون بوده که برای ماههای شهریور و مرداد می باشد.
A66: ok | B66: =SUMIFS('لیست واریزی کل خیرین'!B:B,'لیست واریزی کل خیرین'!D:D,Table1[[#This Row],[نام]],'لیست واریزی کل خیرین'!E:E,Table1[[#This Row],[نام خانوادگی]]) -> 22 | C66: عطا | D66: امیدوار | E66: 1401/05/31 | F66: 5029081026862942 | G66: مرداد | H66: =IF(G66="","",VLOOKUP(G66,mah,2,0)) -> 5 | I66: 1401 | K66: 2000000
A67: ok | B67: =SUMIFS('لیست واریزی کل خیرین'!B:B,'لیست واریزی کل خیرین'!D:D,Table1[[#This Row],[نام]],'لیست واریزی کل خیرین'!E:E,Table1[[#This Row],[نام خانوادگی]]) -> 32 | C67: امیر | D67: آقازاده | E67: 1401/05/07 | F67: 6219861024434416 | G67: مرداد | H67: =IF(G67="","",VLOOKUP(G67,mah,2,0)) -> 5 | I67: 1401 | K67: 5000000
A68: ok | B68: =SUMIFS('لیست واریزی کل خیرین'!B:B,'لیست واریزی کل خیرین'!D:D,Table1[[#This Row],[نام]],'لیست واریزی کل خیرین'!E:E,Table1[[#This Row],[نام خانوادگی]]) -> 8 | C68: داوود | D68: بامیری | E68: 1401/05/21 | F68: 6104337871897409 | G68: مرداد | H68: =IF(G68="","",VLOOKUP(G68,mah,2,0)) -> 5 | I68: 1401 | K68: 5000000
A69: ok | B69: =SUMIFS('لیست واریزی کل خیرین'!B:B,'لیست واریزی کل خیرین'!D:D,Table1[[#This Row],[نام]],'لیست واریزی کل خیرین'!E:E,Table1[[#This Row],[نام خانوادگی]]) -> 63 | C69: سود | D69: بانکی | E69: 1401/05/22 | F69: ---------------- | G69: مرداد | H69: =IF(G69="","",VLOOKUP(G69,mah,2,0)) -> 5 | I69: 1401 | K69: 5033530
A70: ok | B70: =SUMIFS('لیست واریزی کل خیرین'!B:B,'لیست واریزی کل خیرین'!D:D,Table1[[#This Row],[نام]],'لیست واریزی کل خیرین'!E:E,Table1[[#This Row],[نام خانوادگی]]) -> 19 | C70: محمد | D70: برجسته | E70: 1401/06/01 | F70: 6.0376976e+15 | G70: مرداد | H70: =IF(G70="","",VLOOKUP(G70,mah,2,0)) -> 5 | I70: 1401 | K70: 10000000
A71: ok | B71: =SUMIFS('لیست واریزی کل خیرین'!B:B,'لیست واریزی کل خیرین'!D:D,Table1[[#This Row],[نام]],'لیست واریزی کل خیرین'!E:E,Table1[[#This Row],[نام خانوادگی]]) -> 1 | C71: فرید | D71: برهان علمی | G71: مرداد | H71: =IF(G71="","",VLOOKUP(G71,mah,2,0)) -> 5 | I71: 1401 | J71: 10000000 | K71: 10000000 | L71: بابت تاج گل مسجد آرمین متقی
A72: ok | B72: =SUMIFS('لیست واریزی کل خیرین'!B:B,'لیست واریزی کل خیرین'!D:D,Table1[[#This Row],[نام]],'لیست واریزی کل خیرین'!E:E,Table1[[#This Row],[نام خانوادگی]]) -> 2 | C72: بهنام | D72: بهرمن | E72: 1401/05/15 | F72: ------- | G72: مرداد | H72: =IF(G72="","",VLOOKUP(G72,mah,2,0)) -> 5 | I72: 1401 | J72: 4000000 | K72: 4000000 | L72: بابت کرایه وانت حمل اجناس به انبار خیریه
B73: =SUMIFS('لیست واریزی کل خیرین'!B:B,'لیست واریزی کل خیرین'!D:D,Table1[[#This Row],[نام]],'لیست واریزی کل خیرین'!E:E,Table1[[#This Row],[نام خانوادگی]]) -> 2 | C73: بهنام | D73: بهرمن | E73: 1401/11/19 | F73: شبا | G73: مرداد | H73: =IF(G73="","",VLOOKUP(G73,mah,2,0)) -> 5 | I73: 1401 | K73: 6000000 | L73: اصل واریزی 5/6 بوده که 600 هزار جهت مرداد، 2 میلبون جهت آذر و 3 میلیون بهمن
A74: ok | B74: =SUMIFS('لیست واریزی کل خیرین'!B:B,'لیست واریزی کل خیرین'!D:D,Table1[[#This Row],[نام]],'لیست واریزی کل خیرین'!E:E,Table1[[#This Row],[نام خانوادگی]]) -> 4 | C74: فرهنگ | D74: بهلول | E74: 1401/05/11 | F74: 6.219861e+15 | G74: مرداد | H74: =IF(G74="","",VLOOKUP(G74,mah,2,0)) -> 5 | I74: 1401 | K74: 2000000
A75: ok | B75: =SUMIFS('لیست واریزی کل خیرین'!B:B,'لیست واریزی کل خیرین'!D:D,Table1[[#This Row],[نام]],'لیست واریزی کل خیرین'!E:E,Table1[[#This Row],[نام خانوادگی]]) -> 25 | C75: محمد رضا | D75: پوررضایی | E75: 1401/05/01 | F75: 6037997248149008 | G75: مرداد | H75: =IF(G75="","",VLOOKUP(G75,mah,2,0)) -> 5 | I75: 1401 | K75: 30000000
A76: ok | B76: =SUMIFS('لیست واریزی کل خیرین'!B:B,'لیست واریزی کل خیرین'!D:D,Table1[[#This Row],[نام]],'لیست واریزی کل خیرین'!E:E,Table1[[#This Row],[نام خانوادگی]]) -> 39 | C76: مهدی | D76: تولیت | E76: 1401/04/30 | F76: 6.0376976e+15 | G76: مرداد | H76: =IF(G76="","",VLOOKUP(G76,mah,2,0)) -> 5 | I76: 1401 | K76: 16000000 | L76: اصل واریزی 3/2 میلیون بوده که برای مرداد و تیر لحاظ شده است
A77: ok | B77: =SUMIFS('لیست واریزی کل خیرین'!B:B,'لیست واریزی کل خیرین'!D:D,Table1[[#This Row],[نام]],'لیست واریزی کل خیرین'!E:E,Table1[[#This Row],[نام خانوادگی]]) -> 24 | D77: جعفری آزاد | E77: 1401/06/15 | F77: 5022291304273111 | G77: مرداد | H77: =IF(G77="","",VLOOKUP(G77,mah,2,0)) -> 5 | I77: 1401 | K77: 5000000 | L77: از کارت فرزاد واریز شده است
A78: ok | B78: =SUMIFS('لیست واریزی کل خیرین'!B:B,'لیست واریزی کل خیرین'!D:D,Table1[[#This Row],[نام]],'لیست واریزی کل خیرین'!E:E,Table1[[#This Row],[نام خانوادگی]]) -> 9 | C78: مجتبی | D78: حسن آبادی | E78: 1401/05/21 | F78: 6037691526531223 | G78: مرداد | H78: =IF(G78="","",VLOOKUP(G78,mah,2,0)) -> 5 | I78: 1401 | K78: 5000000
A79: ok | B79: =SUMIFS('لیست واریزی کل خیرین'!B:B,'لیست واریزی کل خیرین'!D:D,Table1[[#This Row],[نام]],'لیست واریزی کل خیرین'!E:E,Table1[[#This Row],[نام خانوادگی]]) -> 11 | C79: رضا | D79: حسینی | E79: 1401/05/06 | F79: 6063731028949882 | G79: مرداد | H79: =IF(G79="","",VLOOKUP(G79,mah,2,0)) -> 5 | I79: 1401 | K79: 30000000
A80: ok | B80: =SUMIFS('لیست واریزی کل خیرین'!B:B,'لیست واریزی کل خیرین'!D:D,Table1[[#This Row],[نام]],'لیست واریزی کل خیرین'!E:E,Table1[[#This Row],[نام خانوادگی]]) -> 7 | C80: احسان | D80: خدیوی | E80: 1401/05/12 | F80: 6037991947370221 | G80: مرداد | H80: =IF(G80="","",VLOOKUP(G80,mah,2,0)) -> 5 | I80: 1401 | K80: 5000000
A81: ok | B81: =SUMIFS('لیست واریزی کل خیرین'!B:B,'لیست واریزی کل خیرین'!D:D,Table1[[#This Row],[نام]],'لیست واریزی کل خیرین'!E:E,Table1[[#This Row],[نام خانوادگی]]) -> 7 | C81: احسان | D81: خدیوی | E81: 1401/05/25 | F81: 6037991947370221 | G81: مرداد | H81: =IF(G81="","",VLOOKUP(G81,mah,2,0)) -> 5 | I81: 1401 | K81: 10000000
A82: ok | B82: =SUMIFS('لیست واریزی کل خیرین'!B:B,'لیست واریزی کل خیرین'!D:D,Table1[[#This Row],[نام]],'لیست واریزی کل خیرین'!E:E,Table1[[#This Row],[نام خانوادگی]]) -> 18 | C82: آرش | D82: رجب پور | E82: 1401/05/27 | F82: 5054161011779166 | G82: مرداد | H82: =IF(G82="","",VLOOKUP(G82,mah,2,0)) -> 5 | I82: 1401 | K82: 40000000
A83: ok | B83: =SUMIFS('لیست واریزی کل خیرین'!B:B,'لیست واریزی کل خیرین'!D:D,Table1[[#This Row],[نام]],'لیست واریزی کل خیرین'!E:E,Table1[[#This Row],[نام خانوادگی]]) -> 12 | C83: محمد | D83: رکن | E83: 1401/04/30 | F83: 5.0222915e+15 | G83: مرداد | H83: =IF(G83="","",VLOOKUP(G83,mah,2,0)) -> 5 | I83: 1401 | K83: 3000000
A84: ok | B84: =SUMIFS('لیست واریزی کل خیرین'!B:B,'لیست واریزی کل خیرین'!D:D,Table1[[#This Row],[نام]],'لیست واریزی کل خیرین'!E:E,Table1[[#This Row],[نام خانوادگی]]) -> 14 | C84: حسین | D84: زرنگیان | E84: 1401/05/23 | F84: 5022291026904175 | G84: مرداد | H84: =IF(G84="","",VLOOKUP(G84,mah,2,0)) -> 5 | I84: 1401 | K84: 10000000
A85: ok | B85: =SUMIFS('لیست واریزی کل خیرین'!B:B,'لیست واریزی کل خیرین'!D:D,Table1[[#This Row],[نام]],'لیست واریزی کل خیرین'!E:E,Table1[[#This Row],[نام خانوادگی]]) -> 36 | C85: نازنین | D85: سیستار | E85: 1401/05/24 | F85: ------- | G85: مرداد | H85: =IF(G85="","",VLOOKUP(G85,mah,2,0)) -> 5 | I85: 1401 | K85: 300000000
A86: ok | B86: =SUMIFS('لیست واریزی کل خیرین'!B:B,'لیست واریزی کل خیرین'!D:D,Table1[[#This Row],[نام]],'لیست واریزی کل خیرین'!E:E,Table1[[#This Row],[نام خانوادگی]]) -> 17 | C86: حمیدرضا | D86: شکوهی زاده | E86: 1401/06/01 | F86: 6.1043379e+15 | G86: مرداد | H86: =IF(G86="","",VLOOKUP(G86,mah,2,0)) -> 5 | I86: 1401 | K86: 15000000 | L86: اصل فیش 3 میلیون بوده که 1/5 میلیون برای مرداد و تیر لحاظ شده
A87: ok | B87: =SUMIFS('لیست واریزی کل خیرین'!B:B,'لیست واریزی کل خیرین'!D:D,Table1[[#This Row],[نام]],'لیست واریزی کل خیرین'!E:E,Table1[[#This Row],[نام خانوادگی]]) -> 16 | C87: محمد | D87: صاحبکار | E87: 1401/07/27 | F87: 6.0379981e+15 | G87: مرداد | H87: =IF(G87="","",VLOOKUP(G87,mah,2,0)) -> 5 | I87: 1401 | K87: 3000000 | L87: مبلغ 200 هزار تومان از فیش خرداد و 100 هزار تومان از فیش 1/5میلیون بوده که برای تیر و مرداد و شهریور و مهر و آبان لحاظ شده و 200 هزار تومان برای آذر
A88: ok | B88: =SUMIFS('لیست واریزی کل خیرین'!B:B,'لیست واریزی کل خیرین'!D:D,Table1[[#This Row],[نام]],'لیست واریزی کل خیرین'!E:E,Table1[[#This Row],[نام خانوادگی]]) -> 6 | C88: مهدی | D88: صنوبری | E88: 1401/05/02 | F88: 6104338944218458 | G88: مرداد | H88: =IF(G88="","",VLOOKUP(G88,mah,2,0)) -> 5 | I88: 1401 | K88: 5000000
A89: ok | B89: =SUMIFS('لیست واریزی کل خیرین'!B:B,'لیست واریزی کل خیرین'!D:D,Table1[[#This Row],[نام]],'لیست واریزی کل خیرین'!E:E,Table1[[#This Row],[نام خانوادگی]]) -> 10 | C89: فرزاد | D89: فرشید | E89: 1401/06/17 | F89: ----------- | G89: مرداد | H89: =IF(G89="","",VLOOKUP(G89,mah,2,0)) -> 5 | I89: 1401 | K89: 100000000
A90: ok | B90: =SUMIFS('لیست واریزی کل خیرین'!B:B,'لیست واریزی کل خیرین'!D:D,Table1[[#This Row],[نام]],'لیست واریزی کل خیرین'!E:E,Table1[[#This Row],[نام خانوادگی]]) -> 3 | C90: اکبر | D90: قدس روحانی | E90: 1401/05/23 | F90: 6037697647873782 | G90: مرداد | H90: =IF(G90="","",VLOOKUP(G90,mah,2,0)) -> 5 | I90: 1401 | K90: 30000000
A91: ok | B91: =SUMIFS('لیست واریزی کل خیرین'!B:B,'لیست واریزی کل خیرین'!D:D,Table1[[#This Row],[نام]],'لیست واریزی کل خیرین'!E:E,Table1[[#This Row],[نام خانوادگی]]) -> 15 | C91: حمید | D91: قربانی | E91: 1401/05/14 | F91: 6104338934864444 | G91: مرداد | H91: =IF(G91="","",VLOOKUP(G91,mah,2,0)) -> 5 | I91: 1401 | K91: 10000000
A92: ok | B92: =SUMIFS('لیست واریزی کل خیرین'!B:B,'لیست واریزی کل خیرین'!D:D,Table1[[#This Row],[نام]],'لیست واریزی کل خیرین'!E:E,Table1[[#This Row],[نام خانوادگی]]) -> 38 | C92: فرخ | D92: قزلی | E92: 1401/06/04 | F92: 6037701530883187 | G92: مرداد | H92: =IF(G92="","",VLOOKUP(G92,mah,2,0)) -> 5 | I92: 1401 | K92: 3000000
A93: ok | B93: =SUMIFS('لیست واریزی کل خیرین'!B:B,'لیست واریزی کل خیرین'!D:D,Table1[[#This Row],[نام]],'لیست واریزی کل خیرین'!E:E,Table1[[#This Row],[نام خانوادگی]]) -> 20 | C93: رضا | D93: کهلایی | E93: 1401/05/29 | F93: 6.2210612e+15 | G93: مرداد | H93: =IF(G93="","",VLOOKUP(G93,mah,2,0)) -> 5 | I93: 1401 | K93: 20000000 | L93: از کارت فرزاد واریز شده است
A94: ok | B94: =SUMIFS('لیست واریزی کل خیرین'!B:B,'لیست واریزی کل خیرین'!D:D,Table1[[#This Row],[نام]],'لیست واریزی کل خیرین'!E:E,Table1[[#This Row],[نام خانوادگی]]) -> 13 | C94: مجتبی | D94: معدنی | E94: 1401/03/28 | F94: 6.2198611e+15 | G94: مرداد | H94: =IF(G94="","",VLOOKUP(G94,mah,2,0)) -> 5 | I94: 1401 | K94: 2500000 | L94: گل واریزی یک میلیون تومن برای 4 ماه
A95: ok | B95: =SUMIFS('لیست واریزی کل خیرین'!B:B,'لیست واریزی کل خیرین'!D:D,Table1[[#This Row],[نام]],'لیست واریزی کل خیرین'!E:E,Table1[[#This Row],[نام خانوادگی]]) -> 35 | C95: احسان | D95: مهاجری | E95: 1401/05/21 | F95: 6037697561226116 | G95: مرداد | H95: =IF(G95="","",VLOOKUP(G95,mah,2,0)) -> 5 | I95: 1401 | K95: 2000000
A96: ok | B96: =SUMIFS('لیست واریزی کل خیرین'!B:B,'لیست واریزی کل خیرین'!D:D,Table1[[#This Row],[نام]],'لیست واریزی کل خیرین'!E:E,Table1[[#This Row],[نام خانوادگی]]) -> 5 | C96: مسعود | D96: مهدیزاده | E96: 1401/05/03 | F96: 5.8598312e+15 | G96: مرداد | H96: =IF(G96="","",VLOOKUP(G96,mah,2,0)) -> 5 | I96: 1401 | K96: 5000000
A97: ok | B97: =SUMIFS('لیست واریزی کل خیرین'!B:B,'لیست واریزی کل خیرین'!D:D,Table1[[#This Row],[نام]],'لیست واریزی کل خیرین'!E:E,Table1[[#This Row],[نام خانوادگی]]) -> 21 | C97: محمد | D97: موسوی | E97: 1401/06/07 | F97: 5022291029404082 | G97: مرداد | H97: =IF(G97="","",VLOOKUP(G97,mah,2,0)) -> 5 | I97: 1401 | K97: 5000000
A98: ok | B98: =SUMIFS('لیست واریزی کل خیرین'!B:B,'لیست واریزی کل خیرین'!D:D,Table1[[#This Row],[نام]],'لیست واریزی کل خیرین'!E:E,Table1[[#This Row],[نام خانوادگی]]) -> 23 | C98: علیرضا | D98: مولایی | E98: 1401/06/21 | F98: 6.2198619e+15 | G98: مرداد | H98: =IF(G98="","",VLOOKUP(G98,mah,2,0)) -> 5 | I98: 1401 | K98: 10000000
A99: ok | B99: =SUMIFS('لیست واریزی کل خیرین'!B:B,'لیست واریزی کل خیرین'!D:D,Table1[[#This Row],[نام]],'لیست واریزی کل خیرین'!E:E,Table1[[#This Row],[نام خانوادگی]]) -> 33 | C99: بهرام | D99: هجرانی | E99: 1401/05/18 | F99: 6362141126305029 | G99: مرداد | H99: =IF(G99="","",VLOOKUP(G99,mah,2,0)) -> 5 | I99: 1401 | K99: 20000000 | L99: فیش واریزی 6 میلیون بوده که برای ماههای مرداد و شهریور و مهر می باشد.
A100: ok | B100: =SUMIFS('لیست واریزی کل خیرین'!B:B,'لیست واریزی کل خیرین'!D:D,Table1[[#This Row],[نام]],'لیست واریزی کل خیرین'!E:E,Table1[[#This Row],[نام خانوادگی]]) -> 28 | C100: عماد | D100: احتشام | E100: 1401/06/24 | F100: 6.0379972e+15 | G100: شهریور | H100: =IF(G100="","",VLOOKUP(G100,mah,2,0)) -> 6 | I100: 1401 | K100: 4000000
...

Sheet لیست واریزی کل خیرین
F2: 1401 | G2: 1402 | H2: 1403 | I2: 1404 | L2: 1401 | M2: 1401 | N2: 1401 | O2: 1401 | P2: 1401 | Q2: 1401 | R2: 1401 | S2: 1401 | T2: 1401 | U2: 1401 | V2: 1401 | W2: 1401 | X2: 1402 | Y2: 1402 | Z2: 1402 | AA2: 1402 | AB2: 1402 | AC2: 1402 | AD2: 1402 | AE2: 1402 | AF2: 1402 | AG2: 1402 | AH2: 1402 | AI2: 1402 | AJ2: 1403 | AK2: 1403 | AL2: 1403 | AM2: 1403 | AN2: 1403 | AO2: 1403 | AP2: 1403 | AQ2: 1403 | AR2: 1403 | AS2: 1403 | AT2: 1403 | AU2: 1403 | AV2: 1404 | AW2: 1404 | AX2: 1404 | AY2: 1404 | AZ2: 1404 | BA2: 1404 | BB2: 1404 | BC2: 1404 | BD2: 1404 | BE2: 1404 | BF2: 1404 | BG2: 1404
B3: کد | D3: نام | E3: نام خانوادگی | F3: کل واریزی 1401 | G3: کل واریزی 1402 | H3: کل واریزی 1403 | I3: کل واریزی 1404 | J3: کل واریزی | L3: فروردین | M3: اردیبهشت | N3: خرداد | O3: تیر | P3: مرداد | Q3: شهریور | R3: مهر | S3: آبان | T3: آذر | U3: دی | V3: بهمن | W3: اسفند | X3: فروردین | Y3: اردیبهشت | Z3: خرداد | AA3: تیر | AB3: مرداد | AC3: شهریور | AD3: مهر | AE3: آبان | AF3: آذر | AG3: دی | AH3: بهمن | AI3: اسفند | AJ3: فروردین | AK3: اردیبهشت | AL3: خرداد | AM3: تیر | AN3: مرداد | AO3: شهریور | AP3: مهر | AQ3: آبان | AR3: آذر | AS3: دی | AT3: بهمن | AU3: اسفند | AV3: فروردین | AW3: اردیبهشت | AX3: خرداد | AY3: تیر | AZ3: مرداد | BA3: شهریور | BB3: مهر | BC3: آبان | BD3: آذر | BE3: دی | BF3: بهمن | BG3: اسفند
B4: 1 | C4: ماهیانه | D4: فرید | E4: برهان علمی | F4: =SUMIFS(Table1[مبلغ واریزی],Table1[ردیف],$B4,Table1[سال],F$2) -> 100000000 | G4: =SUMIFS(Table1[مبلغ واریزی],Table1[ردیف],$B4,Table1[سال],G$2) -> 120000000 | H4: =SUMIFS(Table1[مبلغ واریزی],Table1[ردیف],$B4,Table1[سال],H$2) -> 177500000 | I4: =SUMIFS(Table1[توضیحات ‍‍‍‍],Table1[نام],$B4,Table1[شماره فیش],I$2) -> 0 | J4: =SUMIF('لیست واریزی ماهیانه'!B:B,'لیست واریزی کل خیرین'!$B4,'لیست واریزی ماهیانه'!K:K) -> 397500000 | L4: =SUMIFS('لیست واریزی ماهیانه'!$K:$K,'لیست واریزی ماهیانه'!$G:$G,'لیست واریزی کل خیرین'!L$3,'لیست واریزی ماهیانه'!$B:$B,'لیست واریزی کل خیرین'!$B:$B,'لیست واریزی ماهیانه'!$I:$I,L$2) -> 0 | M4: =SUMIFS('لیست واریزی ماهیانه'!$K:$K,'لیست واریزی ماهیانه'!$G:$G,'لیست واریزی کل خیرین'!M$3,'لیست واریزی ماهیانه'!$B:$B,'لیست واریزی کل خیرین'!$B:$B,'لیست واریزی ماهیانه'!$I:$I,M$2) -> 0 | N4: =SUMIFS('لیست واریزی ماهیانه'!$K:$K,'لیست واریزی ماهیانه'!$G:$G,'لیست واریزی کل خیرین'!N$3,'لیست واریزی ماهیانه'!$B:$B,'لیست واریزی کل خیرین'!$B:$B,'لیست واریزی ماهیانه'!$I:$I,N$2) -> 10000000 | O4: =SUMIFS('لیست واریزی ماهیانه'!$K:$K,'لیست واریزی ماهیانه'!$G:$G,'لیست واریزی کل خیرین'!O$3,'لیست واریزی ماهیانه'!$B:$B,'لیست واریزی کل خیرین'!$B:$B,'لیست واریزی ماهیانه'!$I:$I,O$2) -> 10000000 | P4: =SUMIFS('لیست واریزی ماهیانه'!$K:$K,'لیست واریزی ماهیانه'!$G:$G,'لیست واریزی کل خیرین'!P$3,'لیست واریزی ماهیانه'!$B:$B,'لیست واریزی کل خیرین'!$B:$B,'لیست واریزی ماهیانه'!$I:$I,P$2) -> 10000000 | Q4: =SUMIFS('لیست واریزی ماهیانه'!$K:$K,'لیست واریزی ماهیانه'!$G:$G,'لیست واریزی کل خیرین'!Q$3,'لیست واریزی ماهیانه'!$B:$B,'لیست واریزی کل خیرین'!$B:$B,'لیست واریزی ماهیانه'!$I:$I,Q$2) -> 0 | R4: =SUMIFS('لیست واریزی ماهیانه'!$K:$K,'لیست واریزی ماهیانه'!$G:$G,'لیست واریزی کل خیرین'!R$3,'لیست واریزی ماهیانه'!$B:$B,'لیست واریزی کل خیرین'!$B:$B,'لیست واریزی ماهیانه'!$I:$I,R$2) -> 0 | S4: =SUMIFS('لیست واریزی ماهیانه'!$K:$K,'لیست واریزی ماهیانه'!$G:$G,'لیست واریزی کل خیرین'!S$3,'لیست واریزی ماهیانه'!$B:$B,'لیست واریزی کل خیرین'!$B:$B,'لیست واریزی ماهیانه'!$I:$I,S$2) -> 11169500 | ... BG4: =SUMIFS('لیست واریزی ماهیانه'!$K:$K,'لیست واریزی ماهیانه'!$G:$G,'لیست واریزی کل خیرین'!BG$3,'لیست واریزی ماهیانه'!$B:$B,'لیست واریزی کل خیرین'!$B:$B,'لیست واریزی ماهیانه'!$I:$I,BG$2) -> 0
B5: 2 | C5: ماهیانه | D5: بهنام | E5: بهرمن | F5: =SUMIFS(Table1[مبلغ واریزی],Table1[ردیف],$B5,Table1[سال],F$2) -> 250000000 | G5: =SUMIFS(Table1[مبلغ واریزی],Table1[ردیف],$B5,Table1[سال],G$2) -> 100000000 | H5: =SUMIFS(Table1[مبلغ واریزی],Table1[ردیف],$B5,Table1[سال],H$2) -> 820000000 | I5: =SUMIFS(Table1[توضیحات ‍‍‍‍],Table1[نام],$B5,Table1[شماره فیش],I$2) -> 0 | J5: =SUMIF('لیست واریزی ماهیانه'!B:B,'لیست واریزی کل خیرین'!$B5,'لیست واریزی ماهیانه'!K:K) -> 2509790000 | L5: =SUMIFS('لیست واریزی ماهیانه'!$K:$K,'لیست واریزی ماهیانه'!$G:$G,'لیست واریزی کل خیرین'!L$3,'لیست واریزی ماهیانه'!$B:$B,'لیست واریزی کل خیرین'!$B:$B,'لیست واریزی ماهیانه'!$I:$I,L$2) -> 0 | M5: =SUMIFS('لیست واریزی ماهیانه'!$K:$K,'لیست واریزی ماهیانه'!$G:$G,'لیست واریزی کل خیرین'!M$3,'لیست واریزی ماهیانه'!$B:$B,'لیست واریزی کل خیرین'!$B:$B,'لیست واریزی ماهیانه'!$I:$I,M$2) -> 0 | N5: =SUMIFS('لیست واریزی ماهیانه'!$K:$K,'لیست واریزی ماهیانه'!$G:$G,'لیست واریزی کل خیرین'!N$3,'لیست واریزی ماهیانه'!$B:$B,'لیست واریزی کل خیرین'!$B:$B,'لیست واریزی ماهیانه'!$I:$I,N$2) -> 20000000 | O5: =SUMIFS('لیست واریزی ماهیانه'!$K:$K,'لیست واریزی ماهیانه'!$G:$G,'لیست واریزی کل خیرین'!O$3,'لیست واریزی ماهیانه'!$B:$B,'لیست واریزی کل خیرین'!$B:$B,'لیست واریزی ماهیانه'!$I:$I,O$2) -> 20000000 | P5: =SUMIFS('لیست واریزی ماهیانه'!$K:$K,'لیست واریزی ماهیانه'!$G:$G,'لیست واریزی کل خیرین'!P$3,'لیست واریزی ماهیانه'!$B:$B,'لیست واریزی کل خیرین'!$B:$B,'لیست واریزی ماهیانه'!$I:$I,P$2) -> 10000000 | Q5: =SUMIFS('لیست واریزی ماهیانه'!$K:$K,'لیست واریزی ماهیانه'!$G:$G,'لیست واریزی کل خیرین'!Q$3,'لیست واریزی ماهیانه'!$B:$B,'لیست واریزی کل خیرین'!$B:$B,'لیست واریزی ماهیانه'!$I:$I,Q$2) -> 20000000 | R5: =SUMIFS('لیست واریزی ماهیانه'!$K:$K,'لیست واریزی ماهیانه'!$G:$G,'لیست واریزی کل خیرین'!R$3,'لیست واریزی ماهیانه'!$B:$B,'لیست واریزی کل خیرین'!$B:$B,'لیست واریزی ماهیانه'!$I:$I,R$2) -> 20000000 | S5: =SUMIFS('لیست واریزی ماهیانه'!$K:$K,'لیست واریزی ماهیانه'!$G:$G,'لیست واریزی کل خیرین'!S$3,'لیست واریزی ماهیانه'!$B:$B,'لیست واریزی کل خیرین'!$B:$B,'لیست واریزی ماهیانه'!$I:$I,S$2) -> 20000000 | ... BG5: =SUMIFS('لیست واریزی ماهیانه'!$K:$K,'لیست واریزی ماهیانه'!$G:$G,'لیست واریزی کل خیرین'!BG$3,'لیست واریزی ماهیانه'!$B:$B,'لیست واریزی کل خیرین'!$B:$B,'لیست واریزی ماهیانه'!$I:$I,BG$2) -> 0
B6: 3 | C6: موردی | D6: اکبر | E6: قدس روحانی | F6: =SUMIFS(Table1[مبلغ واریزی],Table1[ردیف],$B6,Table1[سال],F$2) -> 300000000 | G6: =SUMIFS(Table1[مبلغ واریزی],Table1[ردیف],$B6,Table1[سال],G$2) -> 790000000 | H6: =SUMIFS(Table1[مبلغ واریزی],Table1[ردیف],$B6,Table1[سال],H$2) -> 1800000000 | I6: =SUMIFS(Table1[توضیحات ‍‍‍‍],Table1[نام],$B6,Table1[شماره فیش],I$2) -> 0 | J6: =SUMIF('لیست واریزی ماهیانه'!B:B,'لیست واریزی کل خیرین'!$B6,'لیست واریزی ماهیانه'!K:K) -> 2890000000 | L6: =SUMIFS('لیست واریزی ماهیانه'!$K:$K,'لیست واریزی ماهیانه'!$G:$G,'لیست واریزی کل خیرین'!L$3,'لیست واریزی ماهیانه'!$B:$B,'لیست واریزی کل خیرین'!$B:$B,'لیست واریزی ماهیانه'!$I:$I,L$2) -> 0 | M6: =SUMIFS('لیست واریزی ماهیانه'!$K:$K,'لیست واریزی ماهیانه'!$G:$G,'لیست واریزی کل خیرین'!M$3,'لیست واریزی ماهیانه'!$B:$B,'لیست واریزی کل خیرین'!$B:$B,'لیست واریزی ماهیانه'!$I:$I,M$2) -> 0 | N6: =SUMIFS('لیست واریزی ماهیانه'!$K:$K,'لیست واریزی ماهیانه'!$G:$G,'لیست واریزی کل خیرین'!N$3,'لیست واریزی ماهیانه'!$B:$B,'لیست واریزی کل خیرین'!$B:$B,'لیست واریزی ماهیانه'!$I:$I,N$2) -> 30000000 | O6: =SUMIFS('لیست واریزی ماهیانه'!$K:$K,'لیست واریزی ماهیانه'!$G:$G,'لیست واریزی کل خیرین'!O$3,'لیست واریزی ماهیانه'!$B:$B,'لیست واریزی کل خیرین'!$B:$B,'لیست واریزی ماهیانه'!$I:$I,O$2) -> 30000000 | P6: =SUMIFS('لیست واریزی ماهیانه'!$K:$K,'لیست واریزی ماهیانه'!$G:$G,'لیست واریزی کل خیرین'!P$3,'لیست واریزی ماهیانه'!$B:$B,'لیست واریزی کل خیرین'!$B:$B,'لیست واریزی ماهیانه'!$I:$I,P$2) -> 30000000 | Q6: =SUMIFS('لیست واریزی ماهیانه'!$K:$K,'لیست واریزی ماهیانه'!$G:$G,'لیست واریزی کل خیرین'!Q$3,'لیست واریزی ماهیانه'!$B:$B,'لیست واریزی کل خیرین'!$B:$B,'لیست واریزی ماهیانه'!$I:$I,Q$2) -> 30000000 | R6: =SUMIFS('لیست واریزی ماهیانه'!$K:$K,'لیست واریزی ماهیانه'!$G:$G,'لیست واریزی کل خیرین'!R$3,'لیست واریزی ماهیانه'!$B:$B,'لیست واریزی کل خیرین'!$B:$B,'لیست واریزی ماهیانه'!$I:$I,R$2) -> 30000000 | S6: =SUMIFS('لیست واریزی ماهیانه'!$K:$K,'لیست واریزی ماهیانه'!$G:$G,'لیست واریزی کل خیرین'!S$3,'لیست واریزی ماهیانه'!$B:$B,'لیست واریزی کل خیرین'!$B:$B,'لیست واریزی ماهیانه'!$I:$I,S$2) -> 30000000 | ... BG6: =SUMIFS('لیست واریزی ماهیانه'!$K:$K,'لیست واریزی ماهیانه'!$G:$G,'لیست واریزی کل خیرین'!BG$3,'لیست واریزی ماهیانه'!$B:$B,'لیست واریزی کل خیرین'!$B:$B,'لیست واریزی ماهیانه'!$I:$I,BG$2) -> 0
B7: 4 | D7: فرهنگ | E7: بهلول | F7: =SUMIFS(Table1[مبلغ واریزی],Table1[ردیف],$B7,Table1[سال],F$2) -> 25000000 | G7: =SUMIFS(Table1[مبلغ واریزی],Table1[ردیف],$B7,Table1[سال],G$2) -> 24000000 | H7: =SUMIFS(Table1[مبلغ واریزی],Table1[ردیف],$B7,Table1[سال],H$2) -> 22000000 | I7: =SUMIFS(Table1[توضیحات ‍‍‍‍],Table1[نام],$B7,Table1[شماره فیش],I$2) -> 0 | J7: =SUMIF('لیست واریزی ماهیانه'!B:B,'لیست واریزی کل خیرین'!$B7,'لیست واریزی ماهیانه'!K:K) -> 87000000 | L7: =SUMIFS('لیست واریزی ماهیانه'!$K:$K,'لیست واریزی ماهیانه'!$G:$G,'لیست واریزی کل خیرین'!L$3,'لیست واریزی ماهیانه'!$B:$B,'لیست واریزی کل خیرین'!$B:$B,'لیست واریزی ماهیانه'!$I:$I,L$2) -> 0 | M7: =SUMIFS('لیست واریزی ماهیانه'!$K:$K,'لیست واریزی ماهیانه'!$G:$G,'لیست واریزی کل خیرین'!M$3,'لیست واریزی ماهیانه'!$B:$B,'لیست واریزی کل خیرین'!$B:$B,'لیست واریزی ماهیانه'!$I:$I,M$2) -> 0 | N7: =SUMIFS('لیست واریزی ماهیانه'!$K:$K,'لیست واریزی ماهیانه'!$G:$G,'لیست واریزی کل خیرین'!N$3,'لیست واریزی ماهیانه'!$B:$B,'لیست واریزی کل خیرین'!$B:$B,'لیست واریزی ماهیانه'!$I:$I,N$2) -> 2000000 | O7: =SUMIFS('لیست واریزی ماهیانه'!$K:$K,'لیست واریزی ماهیانه'!$G:$G,'لیست واریزی کل خیرین'!O$3,'لیست واریزی ماهیانه'!$B:$B,'لیست واریزی کل خیرین'!$B:$B,'لیست واریزی ماهیانه'!$I:$I,O$2) -> 2000000 | P7: =SUMIFS('لیست واریزی ماهیانه'!$K:$K,'لیست واریزی ماهیانه'!$G:$G,'لیست واریزی کل خیرین'!P$3,'لیست واریزی ماهیانه'!$B:$B,'لیست واریزی کل خیرین'!$B:$B,'لیست واریزی ماهیانه'!$I:$I,P$2) -> 2000000 | Q7: =SUMIFS('لیست واریزی ماهیانه'!$K:$K,'لیست واریزی ماهیانه'!$G:$G,'لیست واریزی کل خیرین'!Q$3,'لیست واریزی ماهیانه'!$B:$B,'لیست واریزی کل خیرین'!$B:$B,'لیست واریزی ماهیانه'!$I:$I,Q$2) -> 2000000 | R7: =SUMIFS('لیست واریزی ماهیانه'!$K:$K,'لیست واریزی ماهیانه'!$G:$G,'لیست واریزی کل خیرین'!R$3,'لیست واریزی ماهیانه'!$B:$B,'لیست واریزی کل خیرین'!$B:$B,'لیست واریزی ماهیانه'!$I:$I,R$2) -> 2000000 | S7: =SUMIFS('لیست واریزی ماهیانه'!$K:$K,'لیست واریزی ماهیانه'!$G:$G,'لیست واریزی کل خیرین'!S$3,'لیست واریزی ماهیانه'!$B:$B,'لیست واریزی کل خیرین'!$B:$B,'لیست واریزی ماهیانه'!$I:$I,S$2) -> 2000000 | ... BG7: =SUMIFS('لیست واریزی ماهیانه'!$K:$K,'لیست واریزی ماهیانه'!$G:$G,'لیست واریزی کل خیرین'!BG$3,'لیست واریزی ماهیانه'!$B:$B,'لیست واریزی کل خیرین'!$B:$B,'لیست واریزی ماهیانه'!$I:$I,BG$2) -> 0
B8: 5 | D8: مسعود | E8: مهدیزاده | F8: =SUMIFS(Table1[مبلغ واریزی],Table1[ردیف],$B8,Table1[سال],F$2) -> 50000000 | G8: =SUMIFS(Table1[مبلغ واریزی],Table1[ردیف],$B8,Table1[سال],G$2) -> 60000000 | H8: =SUMIFS(Table1[مبلغ واریزی],Table1[ردیف],$B8,Table1[سال],H$2) -> 104999996 | I8: =SUMIFS(Table1[توضیحات ‍‍‍‍],Table1[نام],$B8,Table1[شماره فیش],I$2) -> 0 | J8: =SUMIF('لیست واریزی ماهیانه'!B:B,'لیست واریزی کل خیرین'!$B8,'لیست واریزی ماهیانه'!K:K) -> 244999996 | L8: =SUMIFS('لیست واریزی ماهیانه'!$K:$K,'لیست واریزی ماهیانه'!$G:$G,'لیست واریزی کل خیرین'!L$3,'لیست واریزی ماهیانه'!$B:$B,'لیست واریزی کل خیرین'!$B:$B,'لیست واریزی ماهیانه'!$I:$I,L$2) -> 0 | M8: =SUMIFS('لیست واریزی ماهیانه'!$K:$K,'لیست واریزی ماهیانه'!$G:$G,'لیست واریزی کل خیرین'!M$3,'لیست واریزی ماهیانه'!$B:$B,'لیست واریزی کل خیرین'!$B:$B,'لیست واریزی ماهیانه'!$I:$I,M$2) -> 0 | N8: =SUMIFS('لیست واریزی ماهیانه'!$K:$K,'لیست واریزی ماهیانه'!$G:$G,'لیست واریزی کل خیرین'!N$3,'لیست واریزی ماهیانه'!$B:$B,'لیست واریزی کل خیرین'!$B:$B,'لیست واریزی ماهیانه'!$I:$I,N$2) -> 5000000 | O8: =SUMIFS('لیست واریزی ماهیانه'!$K:$K,'لیست واریزی ماهیانه'!$G:$G,'لیست واریزی کل خیرین'!O$3,'لیست واریزی ماهیانه'!$B:$B,'لیست واریزی کل خیرین'!$B:$B,'لیست واریزی ماهیانه'!$I:$I,O$2) -> 5000000 | P8: =SUMIFS('لیست واریزی ماهیانه'!$K:$K,'لیست واریزی ماهیانه'!$G:$G,'لیست واریزی کل خیرین'!P$3,'لیست واریزی ماهیانه'!$B:$B,'لیست واریزی کل خیرین'!$B:$B,'لیست واریزی ماهیانه'!$I:$I,P$2) -> 5000000 | Q8: =SUMIFS('لیست واریزی ماهیانه'!$K:$K,'لیست واریزی ماهیانه'!$G:$G,'لیست واریزی کل خیرین'!Q$3,'لیست واریزی ماهیانه'!$B:$B,'لیست واریزی کل خیرین'!$B:$B,'لیست واریزی ماهیانه'!$I:$I,Q$2) -> 5000000 | R8: =SUMIFS('لیست واریزی ماهیانه'!$K:$K,'لیست واریزی ماهیانه'!$G:$G,'لیست واریزی کل خیرین'!R$3,'لیست واریزی ماهیانه'!$B:$B,'لیست واریزی کل خیرین'!$B:$B,'لیست واریزی ماهیانه'!$I:$I,R$2) -> 5000000 | S8: =SUMIFS('لیست واریزی ماهیانه'!$K:$K,'لیست واریزی ماهیانه'!$G:$G,'لیست واریزی کل خیرین'!S$3,'لیست واریزی ماهیانه'!$B:$B,'لیست واریزی کل خیرین'!$B:$B,'لیست واریزی ماهیانه'!$I:$I,S$2) -> 5000000 | ... BG8: =SUMIFS('لیست واریزی ماهیانه'!$K:$K,'لیست واریزی ماهیانه'!$G:$G,'لیست واریزی کل خیرین'!BG$3,'لیست واریزی ماهیانه'!$B:$B,'لیست واریزی کل خیرین'!$B:$B,'لیست واریزی ماهیانه'!$I:$I,BG$2) -> 0
B9: 6 | D9: مهدی | E9: صنوبری | F9: =SUMIFS(Table1[مبلغ واریزی],Table1[ردیف],$B9,Table1[سال],F$2) -> 42000000 | G9: =SUMIFS(Table1[مبلغ واریزی],Table1[ردیف],$B9,Table1[سال],G$2) -> 55000000 | H9: =SUMIFS(Table1[مبلغ واریزی],Table1[ردیف],$B9,Table1[سال],H$2) -> 30000000 | I9: =SUMIFS(Table1[توضیحات ‍‍‍‍],Table1[نام],$B9,Table1[شماره فیش],I$2) -> 0 | J9: =SUMIF('لیست واریزی ماهیانه'!B:B,'لیست واریزی کل خیرین'!$B9,'لیست واریزی ماهیانه'!K:K) -> 182000000 | L9: =SUMIFS('لیست واریزی ماهیانه'!$K:$K,'لیست واریزی ماهیانه'!$G:$G,'لیست واریزی کل خیرین'!L$3,'لیست واریزی ماهیانه'!$B:$B,'لیست واریزی کل خیرین'!$B:$B,'لیست واریزی ماهیانه'!$I:$I,L$2) -> 0 | M9: =SUMIFS('لیست واریزی ماهیانه'!$K:$K,'لیست واریزی ماهیانه'!$G:$G,'لیست واریزی کل خیرین'!M$3,'لیست واریزی ماهیانه'!$B:$B,'لیست واریزی کل خیرین'!$B:$B,'لیست واریزی ماهیانه'!$I:$I,M$2) -> 0 | N9: =SUMIFS('لیست واریزی ماهیانه'!$K:$K,'لیست واریزی ماهیانه'!$G:$G,'لیست واریزی کل خیرین'!N$3,'لیست واریزی ماهیانه'!$B:$B,'لیست واریزی کل خیرین'!$B:$B,'لیست واریزی ماهیانه'!$I:$I,N$2) -> 5000000 | O9: =SUMIFS('لیست واریزی ماهیانه'!$K:$K,'لیست واریزی ماهیانه'!$G:$G,'لیست واریزی کل خیرین'!O$3,'لیست واریزی ماهیانه'!$B:$B,'لیست واریزی کل خیرین'!$B:$B,'لیست واریزی ماهیانه'!$I:$I,O$2) -> 5000000 | P9: =SUMIFS('لیست واریزی ماهیانه'!$K:$K,'لیست واریزی ماهیانه'!$G:$G,'لیست واریزی کل خیرین'!P$3,'لیست واریزی ماهیانه'!$B:$B,'لیست واریزی کل خیرین'!$B:$B,'لیست واریزی ماهیانه'!$I:$I,P$2) -> 5000000 | Q9: =SUMIFS('لیست واریزی ماهیانه'!$K:$K,'لیست واریزی ماهیانه'!$G:$G,'لیست واریزی کل خیرین'!Q$3,'لیست واریزی ماهیانه'!$B:$B,'لیست واریزی کل خیرین'!$B:$B,'لیست واریزی ماهیانه'!$I:$I,Q$2) -> 5000000 | R9: =SUMIFS('لیست واریزی ماهیانه'!$K:$K,'لیست واریزی ماهیانه'!$G:$G,'لیست واریزی کل خیرین'!R$3,'لیست واریزی ماهیانه'!$B:$B,'لیست واریزی کل خیرین'!$B:$B,'لیست واریزی ماهیانه'!$I:$I,R$2) -> 2000000 | S9: =SUMIFS('لیست واریزی ماهیانه'!$K:$K,'لیست واریزی ماهیانه'!$G:$G,'لیست واریزی کل خیرین'!S$3,'لیست واریزی ماهیانه'!$B:$B,'لیست واریزی کل خیرین'!$B:$B,'لیست واریزی ماهیانه'!$I:$I,S$2) -> 5000000 | ... BG9: =SUMIFS('لیست واریزی ماهیانه'!$K:$K,'لیست واریزی ماهیانه'!$G:$G,'لیست واریزی کل خیرین'!BG$3,'لیست واریزی ماهیانه'!$B:$B,'لیست واریزی کل خیرین'!$B:$B,'لیست واریزی ماهیانه'!$I:$I,BG$2) -> 0
B10: 7 | D10: احسان | E10: خدیوی | F10: =SUMIFS(Table1[مبلغ واریزی],Table1[ردیف],$B10,Table1[سال],F$2) -> 157000000 | G10: =SUMIFS(Table1[مبلغ واریزی],Table1[ردیف],$B10,Table1[سال],G$2) -> 520000000 | H10: =SUMIFS(Table1[مبلغ واریزی],Table1[ردیف],$B10,Table1[سال],H$2) -> 600000000 | I10: =SUMIFS(Table1[توضیحات ‍‍‍‍],Table1[نام],$B10,Table1[شماره فیش],I$2) -> 0 | J10: =SUMIF('لیست واریزی ماهیانه'!B:B,'لیست واریزی کل خیرین'!$B10,'لیست واریزی ماهیانه'!K:K) -> 1477000000 | L10: =SUMIFS('لیست واریزی ماهیانه'!$K:$K,'لیست واریزی ماهیانه'!$G:$G,'لیست واریزی کل خیرین'!L$3,'لیست واریزی ماهیانه'!$B:$B,'لیست واریزی کل خیرین'!$B:$B,'لیست واریزی ماهیانه'!$I:$I,L$2) -> 0 | M10: =SUMIFS('لیست واریزی ماهیانه'!$K:$K,'لیست واریزی ماهیانه'!$G:$G,'لیست واریزی کل خیرین'!M$3,'لیست واریزی ماهیانه'!$B:$B,'لیست واریزی کل خیرین'!$B:$B,'لیست واریزی ماهیانه'!$I:$I,M$2) -> 0 | N10: =SUMIFS('لیست واریزی ماهیانه'!$K:$K,'لیست واریزی ماهیانه'!$G:$G,'لیست واریزی کل خیرین'!N$3,'لیست واریزی ماهیانه'!$B:$B,'لیست واریزی کل خیرین'!$B:$B,'لیست واریزی ماهیانه'!$I:$I,N$2) -> 10000000 | O10: =SUMIFS('لیست واریزی ماهیانه'!$K:$K,'لیست واریزی ماهیانه'!$G:$G,'لیست واریزی کل خیرین'!O$3,'لیست واریزی ماهیانه'!$B:$B,'لیست واریزی کل خیرین'!$B:$B,'لیست واریزی ماهیانه'!$I:$I,O$2) -> 5000000 | P10: =SUMIFS('لیست واریزی ماهیانه'!$K:$K,'لیست واریزی ماهیانه'!$G:$G,'لیست واریزی کل خیرین'!P$3,'لیست واریزی ماهیانه'!$B:$B,'لیست واریزی کل خیرین'!$B:$B,'لیست واریزی ماهیانه'!$I:$I,P$2) -> 15000000 | Q10: =SUMIFS('لیست واریزی ماهیانه'!$K:$K,'لیست واریزی ماهیانه'!$G:$G,'لیست واریزی کل خیرین'!Q$3,'لیست واریزی ماهیانه'!$B:$B,'لیست واریزی کل خیرین'!$B:$B,'لیست واریزی ماهیانه'!$I:$I,Q$2) -> 10000000 | R10: =SUMIFS('لیست واریزی ماهیانه'!$K:$K,'لیست واریزی ماهیانه'!$G:$G,'لیست واریزی کل خیرین'!R$3,'لیست واریزی ماهیانه'!$B:$B,'لیست واریزی کل خیرین'!$B:$B,'لیست واریزی ماهیانه'!$I:$I,R$2) -> 17000000 | S10: =SUMIFS('لیست واریزی ماهیانه'!$K:$K,'لیست واریزی ماهیانه'!$G:$G,'لیست واریزی کل خیرین'!S$3,'لیست واریزی ماهیانه'!$B:$B,'لیست واریزی کل خیرین'!$B:$B,'لیست واریزی ماهیانه'!$I:$I,S$2) -> 10000000 | ... BG10: =SUMIFS('لیست واریزی ماهیانه'!$K:$K,'لیست واریزی ماهیانه'!$G:$G,'لیست واریزی کل خیرین'!BG$3,'لیست واریزی ماهیانه'!$B:$B,'لیست واریزی کل خیرین'!$B:$B,'لیست واریزی ماهیانه'!$I:$I,BG$2) -> 0
B11: 8 | D11: داوود | E11: بامیری | F11: =SUMIFS(Table1[مبلغ واریزی],Table1[ردیف],$B11,Table1[سال],F$2) -> 70000000 | G11: =SUMIFS(Table1[مبلغ واریزی],Table1[ردیف],$B11,Table1[سال],G$2) -> 60000000 | H11: =SUMIFS(Table1[مبلغ واریزی],Table1[ردیف],$B11,Table1[سال],H$2) -> 90000000 | I11: =SUMIFS(Table1[توضیحات ‍‍‍‍],Table1[نام],$B11,Table1[شماره فیش],I$2) -> 0 | J11: =SUMIF('لیست واریزی ماهیانه'!B:B,'لیست واریزی کل خیرین'!$B11,'لیست واریزی ماهیانه'!K:K) -> 230000000 | L11: =SUMIFS('لیست واریزی ماهیانه'!$K:$K,'لیست واریزی ماهیانه'!$G:$G,'لیست واریزی کل خیرین'!L$3,'لیست واریزی ماهیانه'!$B:$B,'لیست واریزی کل خیرین'!$B:$B,'لیست واریزی ماهیانه'!$I:$I,L$2) -> 0 | M11: =SUMIFS('لیست واریزی ماهیانه'!$K:$K,'لیست واریزی ماهیانه'!$G:$G,'لیست واریزی کل خیرین'!M$3,'لیست واریزی ماهیانه'!$B:$B,'لیست واریزی کل خیرین'!$B:$B,'لیست واریزی ماهیانه'!$I:$I,M$2) -> 0 | N11: =SUMIFS('لیست واریزی ماهیانه'!$K:$K,'لیست واریزی ماهیانه'!$G:$G,'لیست واریزی کل خیرین'!N$3,'لیست واریزی ماهیانه'!$B:$B,'لیست واریزی کل خیرین'!$B:$B,'لیست واریزی ماهیانه'!$I:$I,N$2) -> 5000000 | O11: =SUMIFS('لیست واریزی ماهیانه'!$K:$K,'لیست واریزی ماهیانه'!$G:$G,'لیست واریزی کل خیرین'!O$3,'لیست واریزی ماهیانه'!$B:$B,'لیست واریزی کل خیرین'!$B:$B,'لیست واریزی ماهیانه'!$I:$I,O$2) -> 5000000 | P11: =SUMIFS('لیست واریزی ماهیانه'!$K:$K,'لیست واریزی ماهیانه'!$G:$G,'لیست واریزی کل خیرین'!P$3,'لیست واریزی ماهیانه'!$B:$B,'لیست واریزی کل خیرین'!$B:$B,'لیست واریزی ماهیانه'!$I:$I,P$2) -> 5000000 | Q11: =SUMIFS('لیست واریزی ماهیانه'!$K:$K,'لیست واریزی ماهیانه'!$G:$G,'لیست واریزی کل خیرین'!Q$3,'لیست واریزی ماهیانه'!$B:$B,'لیست واریزی کل خیرین'!$B:$B,'لیست واریزی ماهیانه'!$I:$I,Q$2) -> 5000000 | R11: =SUMIFS('لیست واریزی ماهیانه'!$K:$K,'لیست واریزی ماهیانه'!$G:$G,'لیست واریزی کل خیرین'!R$3,'لیست واریزی ماهیانه'!$B:$B,'لیست واریزی کل خیرین'!$B:$B,'لیست واریزی ماهیانه'!$I:$I,R$2) -> 5000000 | S11: =SUMIFS('لیست واریزی ماهیانه'!$K:$K,'لیست واریزی ماهیانه'!$G:$G,'لیست واریزی کل خیرین'!S$3,'لیست واریزی ماهیانه'!$B:$B,'لیست واریزی کل خیرین'!$B:$B,'لیست واریزی ماهیانه'!$I:$I,S$2) -> 5000000 | ... BG11: =SUMIFS('لیست واریزی ماهیانه'!$K:$K,'لیست واریزی ماهیانه'!$G:$G,'لیست واریزی کل خیرین'!BG$3,'لیست واریزی ماهیانه'!$B:$B,'لیست واریزی کل خیرین'!$B:$B,'لیست واریزی ماهیانه'!$I:$I,BG$2) -> 0
B12: 9 | D12: مجتبی | E12: حسن آبادی | F12: =SUMIFS(Table1[مبلغ واریزی],Table1[ردیف],$B12,Table1[سال],F$2) -> 104000000 | G12: =SUMIFS(Table1[مبلغ واریزی],Table1[ردیف],$B12,Table1[سال],G$2) -> 283000000 | H12: =SUMIFS(Table1[مبلغ واریزی],Table1[ردیف],$B12,Table1[سال],H$2) -> 275000000 | I12: =SUMIFS(Table1[توضیحات ‍‍‍‍],Table1[نام],$B12,Table1[شماره فیش],I$2) -> 0 | J12: =SUMIF('لیست واریزی ماهیانه'!B:B,'لیست واریزی کل خیرین'!$B12,'لیست واریزی ماهیانه'!K:K) -> 902500000 | L12: =SUMIFS('لیست واریزی ماهیانه'!$K:$K,'لیست واریزی ماهیانه'!$G:$G,'لیست واریزی کل خیرین'!L$3,'لیست واریزی ماهیانه'!$B:$B,'لیست واریزی کل خیرین'!$B:$B,'لیست واریزی ماهیانه'!$I:$I,L$2) -> 0 | M12: =SUMIFS('لیست واریزی ماهیانه'!$K:$K,'لیست واریزی ماهیانه'!$G:$G,'لیست واریزی کل خیرین'!M$3,'لیست واریزی ماهیانه'!$B:$B,'لیست واریزی کل خیرین'!$B:$B,'لیست واریزی ماهیانه'!$I:$I,M$2) -> 0 | N12: =SUMIFS('لیست واریزی ماهیانه'!$K:$K,'لیست واریزی ماهیانه'!$G:$G,'لیست واریزی کل خیرین'!N$3,'لیست واریزی ماهیانه'!$B:$B,'لیست واریزی کل خیرین'!$B:$B,'لیست واریزی ماهیانه'!$I:$I,N$2) -> 5000000 | O12: =SUMIFS('لیست واریزی ماهیانه'!$K:$K,'لیست واریزی ماهیانه'!$G:$G,'لیست واریزی کل خیرین'!O$3,'لیست واریزی ماهیانه'!$B:$B,'لیست واریزی کل خیرین'!$B:$B,'لیست واریزی ماهیانه'!$I:$I,O$2) -> 5000000 | P12: =SUMIFS('لیست واریزی ماهیانه'!$K:$K,'لیست واریزی ماهیانه'!$G:$G,'لیست واریزی کل خیرین'!P$3,'لیست واریزی ماهیانه'!$B:$B,'لیست واریزی کل خیرین'!$B:$B,'لیست واریزی ماهیانه'!$I:$I,P$2) -> 5000000 | Q12: =SUMIFS('لیست واریزی ماهیانه'!$K:$K,'لیست واریزی ماهیانه'!$G:$G,'لیست واریزی کل خیرین'!Q$3,'لیست واریزی ماهیانه'!$B:$B,'لیست واریزی کل خیرین'!$B:$B,'لیست واریزی ماهیانه'!$I:$I,Q$2) -> 5000000 | R12: =SUMIFS('لیست واریزی ماهیانه'!$K:$K,'لیست واریزی ماهیانه'!$G:$G,'لیست واریزی کل خیرین'!R$3,'لیست واریزی ماهیانه'!$B:$B,'لیست واریزی کل خیرین'!$B:$B,'لیست واریزی ماهیانه'!$I:$I,R$2) -> 20000000 | S12: =SUMIFS('لیست واریزی ماهیانه'!$K:$K,'لیست واریزی ماهیانه'!$G:$G,'لیست واریزی کل خیرین'!S$3,'لیست واریزی ماهیانه'!$B:$B,'لیست واریزی کل خیرین'!$B:$B,'لیست واریزی ماهیانه'!$I:$I,S$2) -> 10000000 | ... BG12: =SUMIFS('لیست واریزی ماهیانه'!$K:$K,'لیست واریزی ماهیانه'!$G:$G,'لیست واریزی کل خیرین'!BG$3,'لیست واریزی ماهیانه'!$B:$B,'لیست واریزی کل خیرین'!$B:$B,'لیست واریزی ماهیانه'!$I:$I,BG$2) -> 0
B13: 10 | D13: فرزاد | E13: فرشید | F13: =SUMIFS(Table1[مبلغ واریزی],Table1[ردیف],$B13,Table1[سال],F$2) -> 1090000000 | G13: =SUMIFS(Table1[مبلغ واریزی],Table1[ردیف],$B13,Table1[سال],G$2) -> 1343000000 | H13: =SUMIFS(Table1[مبلغ واریزی],Table1[ردیف],$B13,Table1[سال],H$2) -> 1769000000 | I13: =SUMIFS(Table1[توضیحات ‍‍‍‍],Table1[نام],$B13,Table1[شماره فیش],I$2) -> 0 | J13: =SUMIF('لیست واریزی ماهیانه'!B:B,'لیست واریزی کل خیرین'!$B13,'لیست واریزی ماهیانه'!K:K) -> 4643000000 | L13: =SUMIFS('لیست واریزی ماهیانه'!$K:$K,'لیست واریزی ماهیانه'!$G:$G,'لیست واریزی کل خیرین'!L$3,'لیست واریزی ماهیانه'!$B:$B,'لیست واریزی کل خیرین'!$B:$B,'لیست واریزی ماهیانه'!$I:$I,L$2) -> 0 | M13: =SUMIFS('لیست واریزی ماهیانه'!$K:$K,'لیست واریزی ماهیانه'!$G:$G,'لیست واریزی کل خیرین'!M$3,'لیست واریزی ماهیانه'!$B:$B,'لیست واریزی کل خیرین'!$B:$B,'لیست واریزی ماهیانه'!$I:$I,M$2) -> 0 | N13: =SUMIFS('لیست واریزی ماهیانه'!$K:$K,'لیست واریزی ماهیانه'!$G:$G,'لیست واریزی کل خیرین'!N$3,'لیست واریزی ماهیانه'!$B:$B,'لیست واریزی کل خیرین'!$B:$B,'لیست واریزی ماهیانه'!$I:$I,N$2) -> 100000000 | O13: =SUMIFS('لیست واریزی ماهیانه'!$K:$K,'لیست واریزی ماهیانه'!$G:$G,'لیست واریزی کل خیرین'!O$3,'لیست واریزی ماهیانه'!$B:$B,'لیست واریزی کل خیرین'!$B:$B,'لیست واریزی ماهیانه'!$I:$I,O$2) -> 100000000 | P13: =SUMIFS('لیست واریزی ماهیانه'!$K:$K,'لیست واریزی ماهیانه'!$G:$G,'لیست واریزی کل خیرین'!P$3,'لیست واریزی ماهیانه'!$B:$B,'لیست واریزی کل خیرین'!$B:$B,'لیست واریزی ماهیانه'!$I:$I,P$2) -> 100000000 | Q13: =SUMIFS('لیست واریزی ماهیانه'!$K:$K,'لیست واریزی ماهیانه'!$G:$G,'لیست واریزی کل خیرین'!Q$3,'لیست واریزی ماهیانه'!$B:$B,'لیست واریزی کل خیرین'!$B:$B,'لیست واریزی ماهیانه'!$I:$I,Q$2) -> 100000000 | R13: =SUMIFS('لیست واریزی ماهیانه'!$K:$K,'لیست واریزی ماهیانه'!$G:$G,'لیست واریزی کل خیرین'!R$3,'لیست واریزی ماهیانه'!$B:$B,'لیست واریزی کل خیرین'!$B:$B,'لیست واریزی ماهیانه'!$I:$I,R$2) -> 120000000 | S13: =SUMIFS('لیست واریزی ماهیانه'!$K:$K,'لیست واریزی ماهیانه'!$G:$G,'لیست واریزی کل خیرین'!S$3,'لیست واریزی ماهیانه'!$B:$B,'لیست واریزی کل خیرین'!$B:$B,'لیست واریزی ماهیانه'!$I:$I,S$2) -> 100000000 | ... BG13: =SUMIFS('لیست واریزی ماهیانه'!$K:$K,'لیست واریزی ماهیانه'!$G:$G,'لیست واریزی کل خیرین'!BG$3,'لیست واریزی ماهیانه'!$B:$B,'لیست واریزی کل خیرین'!$B:$B,'لیست واریزی ماهیانه'!$I:$I,BG$2) -> 0
B14: 11 | D14: رضا | E14: حسینی | F14: =SUMIFS(Table1[مبلغ واریزی],Table1[ردیف],$B14,Table1[سال],F$2) -> 280000000 | G14: =SUMIFS(Table1[مبلغ واریزی],Table1[ردیف],$B14,Table1[سال],G$2) -> 440000000 | H14: =SUMIFS(Table1[مبلغ واریزی],Table1[ردیف],$B14,Table1[سال],H$2) -> 0 | I14: =SUMIFS(Table1[توضیحات ‍‍‍‍],Table1[نام],$B14,Table1[شماره فیش],I$2) -> 0 | J14: =SUMIF('لیست واریزی ماهیانه'!B:B,'لیست واریزی کل خیرین'!$B14,'لیست واریزی ماهیانه'!K:K) -> 720000000 | L14: =SUMIFS('لیست واریزی ماهیانه'!$K:$K,'لیست واریزی ماهیانه'!$G:$G,'لیست واریزی کل خیرین'!L$3,'لیست واریزی ماهیانه'!$B:$B,'لیست واریزی کل خیرین'!$B:$B,'لیست واریزی ماهیانه'!$I:$I,L$2) -> 0 | M14: =SUMIFS('لیست واریزی ماهیانه'!$K:$K,'لیست واریزی ماهیانه'!$G:$G,'لیست واریزی کل خیرین'!M$3,'لیست واریزی ماهیانه'!$B:$B,'لیست واریزی کل خیرین'!$B:$B,'لیست واریزی ماهیانه'!$I:$I,M$2) -> 0 | N14: =SUMIFS('لیست واریزی ماهیانه'!$K:$K,'لیست واریزی ماهیانه'!$G:$G,'لیست واریزی کل خیرین'!N$3,'لیست واریزی ماهیانه'!$B:$B,'لیست واریزی کل خیرین'!$B:$B,'لیست واریزی ماهیانه'!$I:$I,N$2) -> 20000000 | O14: =SUMIFS('لیست واریزی ماهیانه'!$K:$K,'لیست واریزی ماهیانه'!$G:$G,'لیست واریزی کل خیرین'!O$3,'لیست واریزی ماهیانه'!$B:$B,'لیست واریزی کل خیرین'!$B:$B,'لیست واریزی ماهیانه'!$I:$I,O$2) -> 20000000 | P14: =SUMIFS('لیست واریزی ماهیانه'!$K:$K,'لیست واریزی ماهیانه'!$G:$G,'لیست واریزی کل خیرین'!P$3,'لیست واریزی ماهیانه'!$B:$B,'لیست واریزی کل خیرین'!$B:$B,'لیست واریزی ماهیانه'!$I:$I,P$2) -> 30000000 | Q14: =SUMIFS('لیست واریزی ماهیانه'!$K:$K,'لیست واریزی ماهیانه'!$G:$G,'لیست واریزی کل خیرین'!Q$3,'لیست واریزی ماهیانه'!$B:$B,'لیست واریزی کل خیرین'!$B:$B,'لیست واریزی ماهیانه'!$I:$I,Q$2) -> 30000000 | R14: =SUMIFS('لیست واریزی ماهیانه'!$K:$K,'لیست واریزی ماهیانه'!$G:$G,'لیست واریزی کل خیرین'!R$3,'لیست واریزی ماهیانه'!$B:$B,'لیست واریزی کل خیرین'!$B:$B,'لیست واریزی ماهیانه'!$I:$I,R$2) -> 30000000 | S14: =SUMIFS('لیست واریزی ماهیانه'!$K:$K,'لیست واریزی ماهیانه'!$G:$G,'لیست واریزی کل خیرین'!S$3,'لیست واریزی ماهیانه'!$B:$B,'لیست واریزی کل خیرین'!$B:$B,'لیست واریزی ماهیانه'!$I:$I,S$2) -> 30000000 | ... BG14: =SUMIFS('لیست واریزی ماهیانه'!$K:$K,'لیست واریزی ماهیانه'!$G:$G,'لیست واریزی کل خیرین'!BG$3,'لیست واریزی ماهیانه'!$B:$B,'لیست واریزی کل خیرین'!$B:$B,'لیست واریزی ماهیانه'!$I:$I,BG$2) -> 0
B15: 12 | D15: محمد | E15: رکن | F15: =SUMIFS(Table1[مبلغ واریزی],Table1[ردیف],$B15,Table1[سال],F$2) -> 52000000 | G15: =SUMIFS(Table1[مبلغ واریزی],Table1[ردیف],$B15,Table1[سال],G$2) -> 147400000 | H15: =SUMIFS(Table1[مبلغ واریزی],Table1[ردیف],$B15,Table1[سال],H$2) -> 290000000 | I15: =SUMIFS(Table1[توضیحات ‍‍‍‍],Table1[نام],$B15,Table1[شماره فیش],I$2) -> 0 | J15: =SUMIF('لیست واریزی ماهیانه'!B:B,'لیست واریزی کل خیرین'!$B15,'لیست واریزی ماهیانه'!K:K) -> 659400000 | L15: =SUMIFS('لیست واریزی ماهیانه'!$K:$K,'لیست واریزی ماهیانه'!$G:$G,'لیست واریزی کل خیرین'!L$3,'لیست واریزی ماهیانه'!$B:$B,'لیست واریزی کل خیرین'!$B:$B,'لیست واریزی ماهیانه'!$I:$I,L$2) -> 0 | M15: =SUMIFS('لیست واریزی ماهیانه'!$K:$K,'لیست واریزی ماهیانه'!$G:$G,'لیست واریزی کل خیرین'!M$3,'لیست واریزی ماهیانه'!$B:$B,'لیست واریزی کل خیرین'!$B:$B,'لیست واریزی ماهیانه'!$I:$I,M$2) -> 0 | N15: =SUMIFS('لیست واریزی ماهیانه'!$K:$K,'لیست واریزی ماهیانه'!$G:$G,'لیست واریزی کل خیرین'!N$3,'لیست واریزی ماهیانه'!$B:$B,'لیست واریزی کل خیرین'!$B:$B,'لیست واریزی ماهیانه'!$I:$I,N$2) -> 5000000 | O15: =SUMIFS('لیست واریزی ماهیانه'!$K:$K,'لیست واریزی ماهیانه'!$G:$G,'لیست واریزی کل خیرین'!O$3,'لیست واریزی ماهیانه'!$B:$B,'لیست واریزی کل خیرین'!$B:$B,'لیست واریزی ماهیانه'!$I:$I,O$2) -> 3000000 | P15: =SUMIFS('لیست واریزی ماهیانه'!$K:$K,'لیست واریزی ماهیانه'!$G:$G,'لیست واریزی کل خیرین'!P$3,'لیست واریزی ماهیانه'!$B:$B,'لیست واریزی کل خیرین'!$B:$B,'لیست واریزی ماهیانه'!$I:$I,P$2) -> 3000000 | Q15: =SUMIFS('لیست واریزی ماهیانه'!$K:$K,'لیست واریزی ماهیانه'!$G:$G,'لیست واریزی کل خیرین'!Q$3,'لیست واریزی ماهیانه'!$B:$B,'لیست واریزی کل خیرین'!$B:$B,'لیست واریزی ماهیانه'!$I:$I,Q$2) -> 3000000 | R15: =SUMIFS('لیست واریزی ماهیانه'!$K:$K,'لیست واریزی ماهیانه'!$G:$G,'لیست واریزی کل خیرین'!R$3,'لیست واریزی ماهیانه'!$B:$B,'لیست واریزی کل خیرین'!$B:$B,'لیست واریزی ماهیانه'!$I:$I,R$2) -> 3000000 | S15: =SUMIFS('لیست واریزی ماهیانه'!$K:$K,'لیست واریزی ماهیانه'!$G:$G,'لیست واریزی کل خیرین'!S$3,'لیست واریزی ماهیانه'!$B:$B,'لیست واریزی کل خیرین'!$B:$B,'لیست واریزی ماهیانه'!$I:$I,S$2) -> 5000000 | ... AQ15: =SUMIFS('لیست واریزی ماهیانه'!$K:$K,'لیست واریزی ماهیانه'!$G:$G,'لیست واریزی کل خیرین'!AQ$3,'لیست واریزی ماهیانه'!$B:$B,'لیست واریزی کل خیرین'!$B:$B,'لیست واریزی ماهیانه'!$I:$I,AQ$2) -> 0 | AR15: 0 | AS15: 0 | AT15: =SUMIFS('لیست واریزی ماهیانه'!$K:$K,'لیست واریزی ماهیانه'!$G:$G,'لیست واریزی کل خیرین'!AT$3,'لیست واریزی ماهیانه'!$B:$B,'لیست واریزی کل خیرین'!$B:$B,'لیست واریزی ماهیانه'!$I:$I,AT$2) -> 0 | AU15: =SUMIFS('لیست واریزی ماهیانه'!$K:$K,'لیست واریزی ماهیانه'!$G:$G,'لیست واریزی کل خیرین'!AU$3,'لیست واریزی ماهیانه'!$B:$B,'لیست واریزی کل خیرین'!$B:$B,'لیست واریزی ماهیانه'!$I:$I,AU$2) -> 0 | AV15: =SUMIFS('لیست واریزی ماهیانه'!$K:$K,'لیست واریزی ماهیانه'!$G:$G,'لیست واریزی کل خیرین'!AV$3,'لیست واریزی ماهیانه'!$B:$B,'لیست واریزی کل خیرین'!$B:$B,'لیست واریزی ماهیانه'!$I:$I,AV$2) -> 0 | AW15: =SUMIFS('لیست واریزی ماهیانه'!$K:$K,'لیست واریزی ماهیانه'!$G:$G,'لیست واریزی کل خیرین'!AW$3,'لیست واریزی ماهیانه'!$B:$B,'لیست واریزی کل خیرین'!$B:$B,'لیست واریزی ماهیانه'!$I:$I,AW$2) -> 50000000 | AX15: =SUMIFS('لیست واریزی ماهیانه'!$K:$K,'لیست واریزی ماهیانه'!$G:$G,'لیست واریزی کل خیرین'!AX$3,'لیست واریزی ماهیانه'!$B:$B,'لیست واریزی کل خیرین'!$B:$B,'لیست واریزی ماهیانه'!$I:$I,AX$2) -> 0 | AY15: =SUMIFS('لیست واریزی ماهیانه'!$K:$K,'لیست واریزی ماهیانه'!$G:$G,'لیست واریزی کل خیرین'!AY$3,'لیست واریزی ماهیانه'!$B:$B,'لیست واریزی کل خیرین'!$B:$B,'لیست واریزی ماهیانه'!$I:$I,AY$2) -> 0 | AZ15: =SUMIFS('لیست واریزی ماهیانه'!$K:$K,'لیست واریزی ماهیانه'!$G:$G,'لیست واریزی کل خیرین'!AZ$3,'لیست واریزی ماهیانه'!$B:$B,'لیست واریزی کل خیرین'!$B:$B,'لیست واریزی ماهیانه'!$I:$I,AZ$2) -> 50000000 | BA15: =SUMIFS('لیست واریزی ماهیانه'!$K:$K,'لیست واریزی ماهیانه'!$G:$G,'لیست واریزی کل خیرین'!BA$3,'لیست واریزی ماهیانه'!$B:$B,'لیست واریزی کل خیرین'!$B:$B,'لیست واریزی ماهیانه'!$I:$I,BA$2) -> 20000000 | ... BC15: =SUMIFS('لیست واریزی ماهیانه'!$K:$K,'لیست واریزی ماهیانه'!$G:$G,'لیست واریزی کل خیرین'!BC$3,'لیست واریزی ماهیانه'!$B:$B,'لیست واریزی کل خیرین'!$B:$B,'لیست واریزی ماهیانه'!$I:$I,BC$2) -> 50000000 | BD15: 0 | BE15: 0 | BF15: 0 | BG15: 0
B16: 13 | D16: مجتبی | E16: معدنی | F16: =SUMIFS(Table1[مبلغ واریزی],Table1[ردیف],$B16,Table1[سال],F$2) -> 25000000 | G16: =SUMIFS(Table1[مبلغ واریزی],Table1[ردیف],$B16,Table1[سال],G$2) -> 49992000 | H16: =SUMIFS(Table1[مبلغ واریزی],Table1[ردیف],$B16,Table1[سال],H$2) -> 0 | I16: =SUMIFS(Table1[توضیحات ‍‍‍‍],Table1[نام],$B16,Table1[شماره فیش],I$2) -> 0 | J16: =SUMIF('لیست واریزی ماهیانه'!B:B,'لیست واریزی کل خیرین'!$B16,'لیست واریزی ماهیانه'!K:K) -> 74992000 | L16: =SUMIFS('لیست واریزی ماهیانه'!$K:$K,'لیست واریزی ماهیانه'!$G:$G,'لیست واریزی کل خیرین'!L$3,'لیست واریزی ماهیانه'!$B:$B,'لیست واریزی کل خیرین'!$B:$B,'لیست واریزی ماهیانه'!$I:$I,L$2) -> 0 | M16: =SUMIFS('لیست واریزی ماهیانه'!$K:$K,'لیست واریزی ماهیانه'!$G:$G,'لیست واریزی کل خیرین'!M$3,'لیست واریزی ماهیانه'!$B:$B,'لیست واریزی کل خیرین'!$B:$B,'لیست واریزی ماهیانه'!$I:$I,M$2) -> 0 | N16: =SUMIFS('لیست واریزی ماهیانه'!$K:$K,'لیست واریزی ماهیانه'!$G:$G,'لیست واریزی کل خیرین'!N$3,'لیست واریزی ماهیانه'!$B:$B,'لیست واریزی کل خیرین'!$B:$B,'لیست واریزی ماهیانه'!$I:$I,N$2) -> 2500000 | O16: =SUMIFS('لیست واریزی ماهیانه'!$K:$K,'لیست واریزی ماهیانه'!$G:$G,'لیست واریزی کل خیرین'!O$3,'لیست واریزی ماهیانه'!$B:$B,'لیست واریزی کل خیرین'!$B:$B,'لیست واریزی ماهیانه'!$I:$I,O$2) -> 2500000 | P16: =SUMIFS('لیست واریزی ماهیانه'!$K:$K,'لیست واریزی ماهیانه'!$G:$G,'لیست واریزی کل خیرین'!P$3,'لیست واریزی ماهیانه'!$B:$B,'لیست واریزی کل خیرین'!$B:$B,'لیست واریزی ماهیانه'!$I:$I,P$2) -> 2500000 | Q16: =SUMIFS('لیست واریزی ماهیانه'!$K:$K,'لیست واریزی ماهیانه'!$G:$G,'لیست واریزی کل خیرین'!Q$3,'لیست واریزی ماهیانه'!$B:$B,'لیست واریزی کل خیرین'!$B:$B,'لیست واریزی ماهیانه'!$I:$I,Q$2) -> 2500000 | R16: =SUMIFS('لیست واریزی ماهیانه'!$K:$K,'لیست واریزی ماهیانه'!$G:$G,'لیست واریزی کل خیرین'!R$3,'لیست واریزی ماهیانه'!$B:$B,'لیست واریزی کل خیرین'!$B:$B,'لیست واریزی ماهیانه'!$I:$I,R$2) -> 2500000 | S16: =SUMIFS('لیست واریزی ماهیانه'!$K:$K,'لیست واریزی ماهیانه'!$G:$G,'لیست واریزی کل خیرین'!S$3,'لیست واریزی ماهیانه'!$B:$B,'لیست واریزی کل خیرین'!$B:$B,'لیست واریزی ماهیانه'!$I:$I,S$2) -> 2500000 | ... BG16: =SUMIFS('لیست واریزی ماهیانه'!$K:$K,'لیست واریزی ماهیانه'!$G:$G,'لیست واریزی کل خیرین'!BG$3,'لیست واریزی ماهیانه'!$B:$B,'لیست واریزی کل خیرین'!$B:$B,'لیست واریزی ماهیانه'!$I:$I,BG$2) -> 0
B17: 14 | D17: حسین | E17: زرنگیان | F17: =SUMIFS(Table1[مبلغ واریزی],Table1[ردیف],$B17,Table1[سال],F$2) -> 100000000 | G17: =SUMIFS(Table1[مبلغ واریزی],Table1[ردیف],$B17,Table1[سال],G$2) -> 120000000 | H17: =SUMIFS(Table1[مبلغ واریزی],Table1[ردیف],$B17,Table1[سال],H$2) -> 175000000 | I17: =SUMIFS(Table1[توضیحات ‍‍‍‍],Table1[نام],$B17,Table1[شماره فیش],I$2) -> 0 | J17: =SUMIF('لیست واریزی ماهیانه'!B:B,'لیست واریزی کل خیرین'!$B17,'لیست واریزی ماهیانه'!K:K) -> 455000000 | L17: =SUMIFS('لیست واریزی ماهیانه'!$K:$K,'لیست واریزی ماهیانه'!$G:$G,'لیست واریزی کل خیرین'!L$3,'لیست واریزی ماهیانه'!$B:$B,'لیست واریزی کل خیرین'!$B:$B,'لیست واریزی ماهیانه'!$I:$I,L$2) -> 0 | M17: =SUMIFS('لیست واریزی ماهیانه'!$K:$K,'لیست واریزی ماهیانه'!$G:$G,'لیست واریزی کل خیرین'!M$3,'لیست واریزی ماهیانه'!$B:$B,'لیست واریزی کل خیرین'!$B:$B,'لیست واریزی ماهیانه'!$I:$I,M$2) -> 0 | N17: =SUMIFS('لیست واریزی ماهیانه'!$K:$K,'لیست واریزی ماهیانه'!$G:$G,'لیست واریزی کل خیرین'!N$3,'لیست واریزی ماهیانه'!$B:$B,'لیست واریزی کل خیرین'!$B:$B,'لیست واریزی ماهیانه'!$I:$I,N$2) -> 10000000 | O17: =SUMIFS('لیست واریزی ماهیانه'!$K:$K,'لیست واریزی ماهیانه'!$G:$G,'لیست واریزی کل خیرین'!O$3,'لیست واریزی ماهیانه'!$B:$B,'لیست واریزی کل خیرین'!$B:$B,'لیست واریزی ماهیانه'!$I:$I,O$2) -> 10000000 | P17: =SUMIFS('لیست واریزی ماهیانه'!$K:$K,'لیست واریزی ماهیانه'!$G:$G,'لیست واریزی کل خیرین'!P$3,'لیست واریزی ماهیانه'!$B:$B,'لیست واریزی کل خیرین'!$B:$B,'لیست واریزی ماهیانه'!$I:$I,P$2) -> 10000000 | Q17: =SUMIFS('لیست واریزی ماهیانه'!$K:$K,'لیست واریزی ماهیانه'!$G:$G,'لیست واریزی کل خیرین'!Q$3,'لیست واریزی ماهیانه'!$B:$B,'لیست واریزی کل خیرین'!$B:$B,'لیست واریزی ماهیانه'!$I:$I,Q$2) -> 10000000 | R17: =SUMIFS('لیست واریزی ماهیانه'!$K:$K,'لیست واریزی ماهیانه'!$G:$G,'لیست واریزی کل خیرین'!R$3,'لیست واریزی ماهیانه'!$B:$B,'لیست واریزی کل خیرین'!$B:$B,'لیست واریزی ماهیانه'!$I:$I,R$2) -> 10000000 | S17: =SUMIFS('لیست واریزی ماهیانه'!$K:$K,'لیست واریزی ماهیانه'!$G:$G,'لیست واریزی کل خیرین'!S$3,'لیست واریزی ماهیانه'!$B:$B,'لیست واریزی کل خیرین'!$B:$B,'لیست واریزی ماهیانه'!$I:$I,S$2) -> 10000000 | ... BG17: =SUMIFS('لیست واریزی ماهیانه'!$K:$K,'لیست واریزی ماهیانه'!$G:$G,'لیست واریزی کل خیرین'!BG$3,'لیست واریزی ماهیانه'!$B:$B,'لیست واریزی کل خیرین'!$B:$B,'لیست واریزی ماهیانه'!$I:$I,BG$2) -> 0
B18: 15 | D18: حمید | E18: قربانی | F18: =SUMIFS(Table1[مبلغ واریزی],Table1[ردیف],$B18,Table1[سال],F$2) -> 140000000 | G18: =SUMIFS(Table1[مبلغ واریزی],Table1[ردیف],$B18,Table1[سال],G$2) -> 60000000 | H18: =SUMIFS(Table1[مبلغ واریزی],Table1[ردیف],$B18,Table1[سال],H$2) -> 70000000 | I18: =SUMIFS(Table1[توضیحات ‍‍‍‍],Table1[نام],$B18,Table1[شماره فیش],I$2) -> 0 | J18: =SUMIF('لیست واریزی ماهیانه'!B:B,'لیست واریزی کل خیرین'!$B18,'لیست واریزی ماهیانه'!K:K) -> 360000000 | L18: =SUMIFS('لیست واریزی ماهیانه'!$K:$K,'لیست واریزی ماهیانه'!$G:$G,'لیست واریزی کل خیرین'!L$3,'لیست واریزی ماهیانه'!$B:$B,'لیست واریزی کل خیرین'!$B:$B,'لیست واریزی ماهیانه'!$I:$I,L$2) -> 0 | M18: =SUMIFS('لیست واریزی ماهیانه'!$K:$K,'لیست واریزی ماهیانه'!$G:$G,'لیست واریزی کل خیرین'!M$3,'لیست واریزی ماهیانه'!$B:$B,'لیست واریزی کل خیرین'!$B:$B,'لیست واریزی ماهیانه'!$I:$I,M$2) -> 0 | N18: =SUMIFS('لیست واریزی ماهیانه'!$K:$K,'لیست واریزی ماهیانه'!$G:$G,'لیست واریزی کل خیرین'!N$3,'لیست واریزی ماهیانه'!$B:$B,'لیست واریزی کل خیرین'!$B:$B,'لیست واریزی ماهیانه'!$I:$I,N$2) -> 10000000 | O18: =SUMIFS('لیست واریزی ماهیانه'!$K:$K,'لیست واریزی ماهیانه'!$G:$G,'لیست واریزی کل خیرین'!O$3,'لیست واریزی ماهیانه'!$B:$B,'لیست واریزی کل خیرین'!$B:$B,'لیست واریزی ماهیانه'!$I:$I,O$2) -> 10000000 | P18: =SUMIFS('لیست واریزی ماهیانه'!$K:$K,'لیست واریزی ماهیانه'!$G:$G,'لیست واریزی کل خیرین'!P$3,'لیست واریزی ماهیانه'!$B:$B,'لیست واریزی کل خیرین'!$B:$B,'لیست واریزی ماهیانه'!$I:$I,P$2) -> 10000000 | Q18: =SUMIFS('لیست واریزی ماهیانه'!$K:$K,'لیست واریزی ماهیانه'!$G:$G,'لیست واریزی کل خیرین'!Q$3,'لیست واریزی ماهیانه'!$B:$B,'لیست واریزی کل خیرین'!$B:$B,'لیست واریزی ماهیانه'!$I:$I,Q$2) -> 10000000 | R18: =SUMIFS('لیست واریزی ماهیانه'!$K:$K,'لیست واریزی ماهیانه'!$G:$G,'لیست واریزی کل خیرین'!R$3,'لیست واریزی ماهیانه'!$B:$B,'لیست واریزی کل خیرین'!$B:$B,'لیست واریزی ماهیانه'!$I:$I,R$2) -> 10000000 | S18: =SUMIFS('لیست واریزی ماهیانه'!$K:$K,'لیست واریزی ماهیانه'!$G:$G,'لیست واریزی کل خیرین'!S$3,'لیست واریزی ماهیانه'!$B:$B,'لیست واریزی کل خیرین'!$B:$B,'لیست واریزی ماهیانه'!$I:$I,S$2) -> 10000000 | ... BG18: =SUMIFS('لیست واریزی ماهیانه'!$K:$K,'لیست واریزی ماهیانه'!$G:$G,'لیست واریزی کل خیرین'!BG$3,'لیست واریزی ماهیانه'!$B:$B,'لیست واریزی کل خیرین'!$B:$B,'لیست واریزی ماهیانه'!$I:$I,BG$2) -> 0
B19: 16 | D19: محمد | E19: صاحبکار | F19: =SUMIFS(Table1[مبلغ واریزی],Table1[ردیف],$B19,Table1[سال],F$2) -> 30000000 | G19: =SUMIFS(Table1[مبلغ واریزی],Table1[ردیف],$B19,Table1[سال],G$2) -> 20000000 | H19: =SUMIFS(Table1[مبلغ واریزی],Table1[ردیف],$B19,Table1[سال],H$2) -> 0 | I19: =SUMIFS(Table1[توضیحات ‍‍‍‍],Table1[نام],$B19,Table1[شماره فیش],I$2) -> 0 | J19: =SUMIF('لیست واریزی ماهیانه'!B:B,'لیست واریزی کل خیرین'!$B19,'لیست واریزی ماهیانه'!K:K) -> 50000000 | L19: =SUMIFS('لیست واریزی ماهیانه'!$K:$K,'لیست واریزی ماهیانه'!$G:$G,'لیست واریزی کل خیرین'!L$3,'لیست واریزی ماهیانه'!$B:$B,'لیست واریزی کل خیرین'!$B:$B,'لیست واریزی ماهیانه'!$I:$I,L$2) -> 0 | M19: =SUMIFS('لیست واریزی ماهیانه'!$K:$K,'لیست واریزی ماهیانه'!$G:$G,'لیست واریزی کل خیرین'!M$3,'لیست واریزی ماهیانه'!$B:$B,'لیست واریزی کل خیرین'!$B:$B,'لیست واریزی ماهیانه'!$I:$I,M$2) -> 0 | N19: =SUMIFS('لیست واریزی ماهیانه'!$K:$K,'لیست واریزی ماهیانه'!$G:$G,'لیست واریزی کل خیرین'!N$3,'لیست واریزی ماهیانه'!$B:$B,'لیست واریزی کل خیرین'!$B:$B,'لیست واریزی ماهیانه'!$I:$I,N$2) -> 3000000 | O19: =SUMIFS('لیست واریزی ماهیانه'!$K:$K,'لیست واریزی ماهیانه'!$G:$G,'لیست واریزی کل خیرین'!O$3,'لیست واریزی ماهیانه'!$B:$B,'لیست واریزی کل خیرین'!$B:$B,'لیست واریزی ماهیانه'!$I:$I,O$2) -> 3000000 | P19: =SUMIFS('لیست واریزی ماهیانه'!$K:$K,'لیست واریزی ماهیانه'!$G:$G,'لیست واریزی کل خیرین'!P$3,'لیست واریزی ماهیانه'!$B:$B,'لیست واریزی کل خیرین'!$B:$B,'لیست واریزی ماهیانه'!$I:$I,P$2) -> 3000000 | Q19: =SUMIFS('لیست واریزی ماهیانه'!$K:$K,'لیست واریزی ماهیانه'!$G:$G,'لیست واریزی کل خیرین'!Q$3,'لیست واریزی ماهیانه'!$B:$B,'لیست واریزی کل خیرین'!$B:$B,'لیست واریزی ماهیانه'!$I:$I,Q$2) -> 3000000 | R19: =SUMIFS('لیست واریزی ماهیانه'!$K:$K,'لیست واریزی ماهیانه'!$G:$G,'لیست واریزی کل خیرین'!R$3,'لیست واریزی ماهیانه'!$B:$B,'لیست واریزی کل خیرین'!$B:$B,'لیست واریزی ماهیانه'!$I:$I,R$2) -> 3000000 | S19: =SUMIFS('لیست واریزی ماهیانه'!$K:$K,'لیست واریزی ماهیانه'!$G:$G,'لیست واریزی کل خیرین'!S$3,'لیست واریزی ماهیانه'!$B:$B,'لیست واریزی کل خیرین'!$B:$B,'لیست واریزی ماهیانه'!$I:$I,S$2) -> 3000000 | ... BG19: =SUMIFS('لیست واریزی ماهیانه'!$K:$K,'لیست واریزی ماهیانه'!$G:$G,'لیست واریزی کل خیرین'!BG$3,'لیست واریزی ماهیانه'!$B:$B,'لیست واریزی کل خیرین'!$B:$B,'لیست واریزی ماهیانه'!$I:$I,BG$2) -> 0
B20: 17 | D20: حمیدرضا | E20: شکوهی زاده | F20: =SUMIFS(Table1[مبلغ واریزی],Table1[ردیف],$B20,Table1[سال],F$2) -> 45000000 | G20: =SUMIFS(Table1[مبلغ واریزی],Table1[ردیف],$B20,Table1[سال],G$2) -> 0 | H20: =SUMIFS(Table1[مبلغ واریزی],Table1[ردیف],$B20,Table1[سال],H$2) -> 0 | I20: =SUMIFS(Table1[توضیحات ‍‍‍‍],Table1[نام],$B20,Table1[شماره فیش],I$2) -> 0 | J20: =SUMIF('لیست واریزی ماهیانه'!B:B,'لیست واریزی کل خیرین'!$B20,'لیست واریزی ماهیانه'!K:K) -> 45000000 | L20: =SUMIFS('لیست واریزی ماهیانه'!$K:$K,'لیست واریزی ماهیانه'!$G:$G,'لیست واریزی کل خیرین'!L$3,'لیست واریزی ماهیانه'!$B:$B,'لیست واریزی کل خیرین'!$B:$B,'لیست واریزی ماهیانه'!$I:$I,L$2) -> 0 | M20: =SUMIFS('لیست واریزی ماهیانه'!$K:$K,'لیست واریزی ماهیانه'!$G:$G,'لیست واریزی کل خیرین'!M$3,'لیست واریزی ماهیانه'!$B:$B,'لیست واریزی کل خیرین'!$B:$B,'لیست واریزی ماهیانه'!$I:$I,M$2) -> 0 | N20: =SUMIFS('لیست واریزی ماهیانه'!$K:$K,'لیست واریزی ماهیانه'!$G:$G,'لیست واریزی کل خیرین'!N$3,'لیست واریزی ماهیانه'!$B:$B,'لیست واریزی کل خیرین'!$B:$B,'لیست واریزی ماهیانه'!$I:$I,N$2) -> 15000000 | O20: =SUMIFS('لیست واریزی ماهیانه'!$K:$K,'لیست واریزی ماهیانه'!$G:$G,'لیست واریزی کل خیرین'!O$3,'لیست واریزی ماهیانه'!$B:$B,'لیست واریزی کل خیرین'!$B:$B,'لیست واریزی ماهیانه'!$I:$I,O$2) -> 15000000 | P20: =SUMIFS('لیست واریزی ماهیانه'!$K:$K,'لیست واریزی ماهیانه'!$G:$G,'لیست واریزی کل خیرین'!P$3,'لیست واریزی ماهیانه'!$B:$B,'لیست واریزی کل خیرین'!$B:$B,'لیست واریزی ماهیانه'!$I:$I,P$2) -> 15000000 | Q20: =SUMIFS('لیست واریزی ماهیانه'!$K:$K,'لیست واریزی ماهیانه'!$G:$G,'لیست واریزی کل خیرین'!Q$3,'لیست واریزی ماهیانه'!$B:$B,'لیست واریزی کل خیرین'!$B:$B,'لیست واریزی ماهیانه'!$I:$I,Q$2) -> 0 | R20: =SUMIFS('لیست واریزی ماهیانه'!$K:$K,'لیست واریزی ماهیانه'!$G:$G,'لیست واریزی کل خیرین'!R$3,'لیست واریزی ماهیانه'!$B:$B,'لیست واریزی کل خیرین'!$B:$B,'لیست واریزی ماهیانه'!$I:$I,R$2) -> 0 | S20: =SUMIFS('لیست واریزی ماهیانه'!$K:$K,'لیست واریزی ماهیانه'!$G:$G,'لیست واریزی کل خیرین'!S$3,'لیست واریزی ماهیانه'!$B:$B,'لیست واریزی کل خیرین'!$B:$B,'لیست واریزی ماهیانه'!$I:$I,S$2) -> 0 | ... BG20: =SUMIFS('لیست واریزی ماهیانه'!$K:$K,'لیست واریزی ماهیانه'!$G:$G,'لیست واریزی کل خیرین'!BG$3,'لیست واریزی ماهیانه'!$B:$B,'لیست واریزی کل خیرین'!$B:$B,'لیست واریزی ماهیانه'!$I:$I,BG$2) -> 0
B21: 18 | C21: موردی | D21: آرش | E21: رجب پور | F21: =SUMIFS(Table1[مبلغ واریزی],Table1[ردیف],$B21,Table1[سال],F$2) -> 120000000 | G21: =SUMIFS(Table1[مبلغ واریزی],Table1[ردیف],$B21,Table1[سال],G$2) -> 50000000 | H21: =SUMIFS(Table1[مبلغ واریزی],Table1[ردیف],$B21,Table1[سال],H$2) -> 100000000 | I21: =SUMIFS(Table1[توضیحات ‍‍‍‍],Table1[نام],$B21,Table1[شماره فیش],I$2) -> 0 | J21: =SUMIF('لیست واریزی ماهیانه'!B:B,'لیست واریزی کل خیرین'!$B21,'لیست واریزی ماهیانه'!K:K) -> 270000000 | L21: =SUMIFS('لیست واریزی ماهیانه'!$K:$K,'لیست واریزی ماهیانه'!$G:$G,'لیست واریزی کل خیرین'!L$3,'لیست واریزی ماهیانه'!$B:$B,'لیست واریزی کل خیرین'!$B:$B,'لیست واریزی ماهیانه'!$I:$I,L$2) -> 0 | M21: =SUMIFS('لیست واریزی ماهیانه'!$K:$K,'لیست واریزی ماهیانه'!$G:$G,'لیست واریزی کل خیرین'!M$3,'لیست واریزی ماهیانه'!$B:$B,'لیست واریزی کل خیرین'!$B:$B,'لیست واریزی ماهیانه'!$I:$I,M$2) -> 0 | N21: =SUMIFS('لیست واریزی ماهیانه'!$K:$K,'لیست واریزی ماهیانه'!$G:$G,'لیست واریزی کل خیرین'!N$3,'لیست واریزی ماهیانه'!$B:$B,'لیست واریزی کل خیرین'!$B:$B,'لیست واریزی ماهیانه'!$I:$I,N$2) -> 50000000 | O21: =SUMIFS('لیست واریزی ماهیانه'!$K:$K,'لیست واریزی ماهیانه'!$G:$G,'لیست واریزی کل خیرین'!O$3,'لیست واریزی ماهیانه'!$B:$B,'لیست واریزی کل خیرین'!$B:$B,'لیست واریزی ماهیانه'!$I:$I,O$2) -> 0 | P21: =SUMIFS('لیست واریزی ماهیانه'!$K:$K,'لیست واریزی ماهیانه'!$G:$G,'لیست واریزی کل خیرین'!P$3,'لیست واریزی ماهیانه'!$B:$B,'لیست واریزی کل خیرین'!$B:$B,'لیست واریزی ماهیانه'!$I:$I,P$2) -> 40000000 | Q21: =SUMIFS('لیست واریزی ماهیانه'!$K:$K,'لیست واریزی ماهیانه'!$G:$G,'لیست واریزی کل خیرین'!Q$3,'لیست واریزی ماهیانه'!$B:$B,'لیست واریزی کل خیرین'!$B:$B,'لیست واریزی ماهیانه'!$I:$I,Q$2) -> 0 | R21: =SUMIFS('لیست واریزی ماهیانه'!$K:$K,'لیست واریزی ماهیانه'!$G:$G,'لیست واریزی کل خیرین'!R$3,'لیست واریزی ماهیانه'!$B:$B,'لیست واریزی کل خیرین'!$B:$B,'لیست واریزی ماهیانه'!$I:$I,R$2) -> 30000000 | S21: =SUMIFS('لیست واریزی ماهیانه'!$K:$K,'لیست واریزی ماهیانه'!$G:$G,'لیست واریزی کل خیرین'!S$3,'لیست واریزی ماهیانه'!$B:$B,'لیست واریزی کل خیرین'!$B:$B,'لیست واریزی ماهیانه'!$I:$I,S$2) -> 0 | ... BG21: =SUMIFS('لیست واریزی ماهیانه'!$K:$K,'لیست واریزی ماهیانه'!$G:$G,'لیست واریزی کل خیرین'!BG$3,'لیست واریزی ماهیانه'!$B:$B,'لیست واریزی کل خیرین'!$B:$B,'لیست واریزی ماهیانه'!$I:$I,BG$2) -> 0
B22: 19 | D22: محمد | E22: برجسته | F22: =SUMIFS(Table1[مبلغ واریزی],Table1[ردیف],$B22,Table1[سال],F$2) -> 170000000 | G22: =SUMIFS(Table1[مبلغ واریزی],Table1[ردیف],$B22,Table1[سال],G$2) -> 230000000 | H22: =SUMIFS(Table1[مبلغ واریزی],Table1[ردیف],$B22,Table1[سال],H$2) -> 100000000 | I22: =SUMIFS(Table1[توضیحات ‍‍‍‍],Table1[نام],$B22,Table1[شماره فیش],I$2) -> 0 | J22: =SUMIF('لیست واریزی ماهیانه'!B:B,'لیست واریزی کل خیرین'!$B22,'لیست واریزی ماهیانه'!K:K) -> 560000000 | L22: =SUMIFS('لیست واریزی ماهیانه'!$K:$K,'لیست واریزی ماهیانه'!$G:$G,'لیست واریزی کل خیرین'!L$3,'لیست واریزی ماهیانه'!$B:$B,'لیست واریزی کل خیرین'!$B:$B,'لیست واریزی ماهیانه'!$I:$I,L$2) -> 0 | M22: =SUMIFS('لیست واریزی ماهیانه'!$K:$K,'لیست واریزی ماهیانه'!$G:$G,'لیست واریزی کل خیرین'!M$3,'لیست واریزی ماهیانه'!$B:$B,'لیست واریزی کل خیرین'!$B:$B,'لیست واریزی ماهیانه'!$I:$I,M$2) -> 0 | N22: =SUMIFS('لیست واریزی ماهیانه'!$K:$K,'لیست واریزی ماهیانه'!$G:$G,'لیست واریزی کل خیرین'!N$3,'لیست واریزی ماهیانه'!$B:$B,'لیست واریزی کل خیرین'!$B:$B,'لیست واریزی ماهیانه'!$I:$I,N$2) -> 10000000 | O22: =SUMIFS('لیست واریزی ماهیانه'!$K:$K,'لیست واریزی ماهیانه'!$G:$G,'لیست واریزی کل خیرین'!O$3,'لیست واریزی ماهیانه'!$B:$B,'لیست واریزی کل خیرین'!$B:$B,'لیست واریزی ماهیانه'!$I:$I,O$2) -> 10000000 | P22: =SUMIFS('لیست واریزی ماهیانه'!$K:$K,'لیست واریزی ماهیانه'!$G:$G,'لیست واریزی کل خیرین'!P$3,'لیست واریزی ماهیانه'!$B:$B,'لیست واریزی کل خیرین'!$B:$B,'لیست واریزی ماهیانه'!$I:$I,P$2) -> 10000000 | Q22: =SUMIFS('لیست واریزی ماهیانه'!$K:$K,'لیست واریزی ماهیانه'!$G:$G,'لیست واریزی کل خیرین'!Q$3,'لیست واریزی ماهیانه'!$B:$B,'لیست واریزی کل خیرین'!$B:$B,'لیست واریزی ماهیانه'!$I:$I,Q$2) -> 10000000 | R22: =SUMIFS('لیست واریزی ماهیانه'!$K:$K,'لیست واریزی ماهیانه'!$G:$G,'لیست واریزی کل خیرین'!R$3,'لیست واریزی ماهیانه'!$B:$B,'لیست واریزی کل خیرین'!$B:$B,'لیست واریزی ماهیانه'!$I:$I,R$2) -> 30000000 | S22: =SUMIFS('لیست واریزی ماهیانه'!$K:$K,'لیست واریزی ماهیانه'!$G:$G,'لیست واریزی کل خیرین'!S$3,'لیست واریزی ماهیانه'!$B:$B,'لیست واریزی کل خیرین'!$B:$B,'لیست واریزی ماهیانه'!$I:$I,S$2) -> 20000000 | ... BG22: =SUMIFS('لیست واریزی ماهیانه'!$K:$K,'لیست واریزی ماهیانه'!$G:$G,'لیست واریزی کل خیرین'!BG$3,'لیست واریزی ماهیانه'!$B:$B,'لیست واریزی کل خیرین'!$B:$B,'لیست واریزی ماهیانه'!$I:$I,BG$2) -> 0
B23: 20 | D23: رضا | E23: کهلایی | F23: =SUMIFS(Table1[مبلغ واریزی],Table1[ردیف],$B23,Table1[سال],F$2) -> 460000000 | G23: =SUMIFS(Table1[مبلغ واریزی],Table1[ردیف],$B23,Table1[سال],G$2) -> 350000000 | H23: =SUMIFS(Table1[مبلغ واریزی],Table1[ردیف],$B23,Table1[سال],H$2) -> 100000000 | I23: =SUMIFS(Table1[توضیحات ‍‍‍‍],Table1[نام],$B23,Table1[شماره فیش],I$2) -> 0 | J23: =SUMIF('لیست واریزی ماهیانه'!B:B,'لیست واریزی کل خیرین'!$B23,'لیست واریزی ماهیانه'!K:K) -> 1295000000 | L23: =SUMIFS('لیست واریزی ماهیانه'!$K:$K,'لیست واریزی ماهیانه'!$G:$G,'لیست واریزی کل خیرین'!L$3,'لیست واریزی ماهیانه'!$B:$B,'لیست واریزی کل خیرین'!$B:$B,'لیست واریزی ماهیانه'!$I:$I,L$2) -> 0 | M23: =SUMIFS('لیست واریزی ماهیانه'!$K:$K,'لیست واریزی ماهیانه'!$G:$G,'لیست واریزی کل خیرین'!M$3,'لیست واریزی ماهیانه'!$B:$B,'لیست واریزی کل خیرین'!$B:$B,'لیست واریزی ماهیانه'!$I:$I,M$2) -> 0 | N23: =SUMIFS('لیست واریزی ماهیانه'!$K:$K,'لیست واریزی ماهیانه'!$G:$G,'لیست واریزی کل خیرین'!N$3,'لیست واریزی ماهیانه'!$B:$B,'لیست واریزی کل خیرین'!$B:$B,'لیست واریزی ماهیانه'!$I:$I,N$2) -> 20000000 | O23: =SUMIFS('لیست واریزی ماهیانه'!$K:$K,'لیست واریزی ماهیانه'!$G:$G,'لیست واریزی کل خیرین'!O$3,'لیست واریزی ماهیانه'!$B:$B,'لیست واریزی کل خیرین'!$B:$B,'لیست واریزی ماهیانه'!$I:$I,O$2) -> 20000000 | P23: =SUMIFS('لیست واریزی ماهیانه'!$K:$K,'لیست واریزی ماهیانه'!$G:$G,'لیست واریزی کل خیرین'!P$3,'لیست واریزی ماهیانه'!$B:$B,'لیست واریزی کل خیرین'!$B:$B,'لیست واریزی ماهیانه'!$I:$I,P$2) -> 20000000 | Q23: =SUMIFS('لیست واریزی ماهیانه'!$K:$K,'لیست واریزی ماهیانه'!$G:$G,'لیست واریزی کل خیرین'!Q$3,'لیست واریزی ماهیانه'!$B:$B,'لیست واریزی کل خیرین'!$B:$B,'لیست واریزی ماهیانه'!$I:$I,Q$2) -> 20000000 | R23: =SUMIFS('لیست واریزی ماهیانه'!$K:$K,'لیست واریزی ماهیانه'!$G:$G,'لیست واریزی کل خیرین'!R$3,'لیست واریزی ماهیانه'!$B:$B,'لیست واریزی کل خیرین'!$B:$B,'لیست واریزی ماهیانه'!$I:$I,R$2) -> 70000000 | S23: =SUMIFS('لیست واریزی ماهیانه'!$K:$K,'لیست واریزی ماهیانه'!$G:$G,'لیست واریزی کل خیرین'!S$3,'لیست واریزی ماهیانه'!$B:$B,'لیست واریزی کل خیرین'!$B:$B,'لیست واریزی ماهیانه'!$I:$I,S$2) -> 50000000 | ... BG23: =SUMIFS('لیست واریزی ماهیانه'!$K:$K,'لیست واریزی ماهیانه'!$G:$G,'لیست واریزی کل خیرین'!BG$3,'لیست واریزی ماهیانه'!$B:$B,'لیست واریزی کل خیرین'!$B:$B,'لیست واریزی ماهیانه'!$I:$I,BG$2) -> 0
B24: 21 | D24: محمد | E24: موسوی | F24: =SUMIFS(Table1[مبلغ واریزی],Table1[ردیف],$B24,Table1[سال],F$2) -> 40000000 | G24: =SUMIFS(Table1[مبلغ واریزی],Table1[ردیف],$B24,Table1[سال],G$2) -> 55000000 | H24: =SUMIFS(Table1[مبلغ واریزی],Table1[ردیف],$B24,Table1[سال],H$2) -> 10000000 | I24: =SUMIFS(Table1[توضیحات ‍‍‍‍],Table1[نام],$B24,Table1[شماره فیش],I$2) -> 0 | J24: =SUMIF('لیست واریزی ماهیانه'!B:B,'لیست واریزی کل خیرین'!$B24,'لیست واریزی ماهیانه'!K:K) -> 145000000 | L24: =SUMIFS('لیست واریزی ماهیانه'!$K:$K,'لیست واریزی ماهیانه'!$G:$G,'لیست واریزی کل خیرین'!L$3,'لیست واریزی ماهیانه'!$B:$B,'لیست واریزی کل خیرین'!$B:$B,'لیست واریزی ماهیانه'!$I:$I,L$2) -> 0 | M24: =SUMIFS('لیست واریزی ماهیانه'!$K:$K,'لیست واریزی ماهیانه'!$G:$G,'لیست واریزی کل خیرین'!M$3,'لیست واریزی ماهیانه'!$B:$B,'لیست واریزی کل خیرین'!$B:$B,'لیست واریزی ماهیانه'!$I:$I,M$2) -> 0 | N24: =SUMIFS('لیست واریزی ماهیانه'!$K:$K,'لیست واریزی ماهیانه'!$G:$G,'لیست واریزی کل خیرین'!N$3,'لیست واریزی ماهیانه'!$B:$B,'لیست واریزی کل خیرین'!$B:$B,'لیست واریزی ماهیانه'!$I:$I,N$2) -> 5000000 | O24: =SUMIFS('لیست واریزی ماهیانه'!$K:$K,'لیست واریزی ماهیانه'!$G:$G,'لیست واریزی کل خیرین'!O$3,'لیست واریزی ماهیانه'!$B:$B,'لیست واریزی کل خیرین'!$B:$B,'لیست واریزی ماهیانه'!$I:$I,O$2) -> 5000000 | P24: =SUMIFS('لیست واریزی ماهیانه'!$K:$K,'لیست واریزی ماهیانه'!$G:$G,'لیست واریزی کل خیرین'!P$3,'لیست واریزی ماهیانه'!$B:$B,'لیست واریزی کل خیرین'!$B:$B,'لیست واریزی ماهیانه'!$I:$I,P$2) -> 5000000 | Q24: =SUMIFS('لیست واریزی ماهیانه'!$K:$K,'لیست واریزی ماهیانه'!$G:$G,'لیست واریزی کل خیرین'!Q$3,'لیست واریزی ماهیانه'!$B:$B,'لیست واریزی کل خیرین'!$B:$B,'لیست واریزی ماهیانه'!$I:$I,Q$2) -> 5000000 | R24: =SUMIFS('لیست واریزی ماهیانه'!$K:$K,'لیست واریزی ماهیانه'!$G:$G,'لیست واریزی کل خیرین'!R$3,'لیست واریزی ماهیانه'!$B:$B,'لیست واریزی کل خیرین'!$B:$B,'لیست واریزی ماهیانه'!$I:$I,R$2) -> 5000000 | S24: =SUMIFS('لیست واریزی ماهیانه'!$K:$K,'لیست واریزی ماهیانه'!$G:$G,'لیست واریزی کل خیرین'!S$3,'لیست واریزی ماهیانه'!$B:$B,'لیست واریزی کل خیرین'!$B:$B,'لیست واریزی ماهیانه'!$I:$I,S$2) -> 5000000 | ... BG24: =SUMIFS('لیست واریزی ماهیانه'!$K:$K,'لیست واریزی ماهیانه'!$G:$G,'لیست واریزی کل خیرین'!BG$3,'لیست واریزی ماهیانه'!$B:$B,'لیست واریزی کل خیرین'!$B:$B,'لیست واریزی ماهیانه'!$I:$I,BG$2) -> 0
B25: 22 | D25: عطا | E25: امیدوار | F25: =SUMIFS(Table1[مبلغ واریزی],Table1[ردیف],$B25,Table1[سال],F$2) -> 23000000 | G25: =SUMIFS(Table1[مبلغ واریزی],Table1[ردیف],$B25,Table1[سال],G$2) -> 24000000 | H25: =SUMIFS(Table1[مبلغ واریزی],Table1[ردیف],$B25,Table1[سال],H$2) -> 36000000 | I25: =SUMIFS(Table1[توضیحات ‍‍‍‍],Table1[نام],$B25,Table1[شماره فیش],I$2) -> 0 | J25: =SUMIF('لیست واریزی ماهیانه'!B:B,'لیست واریزی کل خیرین'!$B25,'لیست واریزی ماهیانه'!K:K) -> 108000000 | L25: =SUMIFS('لیست واریزی ماهیانه'!$K:$K,'لیست واریزی ماهیانه'!$G:$G,'لیست واریزی کل خیرین'!L$3,'لیست واریزی ماهیانه'!$B:$B,'لیست واریزی کل خیرین'!$B:$B,'لیست واریزی ماهیانه'!$I:$I,L$2) -> 0 | M25: =SUMIFS('لیست واریزی ماهیانه'!$K:$K,'لیست واریزی ماهیانه'!$G:$G,'لیست واریزی کل خیرین'!M$3,'لیست واریزی ماهیانه'!$B:$B,'لیست واریزی کل خیرین'!$B:$B,'لیست واریزی ماهیانه'!$I:$I,M$2) -> 0 | N25: =SUMIFS('لیست واریزی ماهیانه'!$K:$K,'لیست واریزی ماهیانه'!$G:$G,'لیست واریزی کل خیرین'!N$3,'لیست واریزی ماهیانه'!$B:$B,'لیست واریزی کل خیرین'!$B:$B,'لیست واریزی ماهیانه'!$I:$I,N$2) -> 2000000 | O25: =SUMIFS('لیست واریزی ماهیانه'!$K:$K,'لیست واریزی ماهیانه'!$G:$G,'لیست واریزی کل خیرین'!O$3,'لیست واریزی ماهیانه'!$B:$B,'لیست واریزی کل خیرین'!$B:$B,'لیست واریزی ماهیانه'!$I:$I,O$2) -> 2000000 | P25: =SUMIFS('لیست واریزی ماهیانه'!$K:$K,'لیست واریزی ماهیانه'!$G:$G,'لیست واریزی کل خیرین'!P$3,'لیست واریزی ماهیانه'!$B:$B,'لیست واریزی کل خیرین'!$B:$B,'لیست واریزی ماهیانه'!$I:$I,P$2) -> 2000000 | Q25: =SUMIFS('لیست واریزی ماهیانه'!$K:$K,'لیست واریزی ماهیانه'!$G:$G,'لیست واریزی کل خیرین'!Q$3,'لیست واریزی ماهیانه'!$B:$B,'لیست واریزی کل خیرین'!$B:$B,'لیست واریزی ماهیانه'!$I:$I,Q$2) -> 2000000 | R25: =SUMIFS('لیست واریزی ماهیانه'!$K:$K,'لیست واریزی ماهیانه'!$G:$G,'لیست واریزی کل خیرین'!R$3,'لیست واریزی ماهیانه'!$B:$B,'لیست واریزی کل خیرین'!$B:$B,'لیست واریزی ماهیانه'!$I:$I,R$2) -> 2000000 | S25: =SUMIFS('لیست واریزی ماهیانه'!$K:$K,'لیست واریزی ماهیانه'!$G:$G,'لیست واریزی کل خیرین'!S$3,'لیست واریزی ماهیانه'!$B:$B,'لیست واریزی کل خیرین'!$B:$B,'لیست واریزی ماهیانه'!$I:$I,S$2) -> 2000000 | ... BG25: =SUMIFS('لیست واریزی ماهیانه'!$K:$K,'لیست واریزی ماهیانه'!$G:$G,'لیست واریزی کل خیرین'!BG$3,'لیست واریزی ماهیانه'!$B:$B,'لیست واریزی کل خیرین'!$B:$B,'لیست واریزی ماهیانه'!$I:$I,BG$2) -> 0
B26: 23 | D26: علیرضا | E26: مولایی | F26: =SUMIFS(Table1[مبلغ واریزی],Table1[ردیف],$B26,Table1[سال],F$2) -> 100000000 | G26: =SUMIFS(Table1[مبلغ واریزی],Table1[ردیف],$B26,Table1[سال],G$2) -> 80000000 | H26: =SUMIFS(Table1[مبلغ واریزی],Table1[ردیف],$B26,Table1[سال],H$2) -> 60000000 | I26: =SUMIFS(Table1[توضیحات ‍‍‍‍],Table1[نام],$B26,Table1[شماره فیش],I$2) -> 0 | J26: =SUMIF('لیست واریزی ماهیانه'!B:B,'لیست واریزی کل خیرین'!$B26,'لیست واریزی ماهیانه'!K:K) -> 240000000 | L26: =SUMIFS('لیست واریزی ماهیانه'!$K:$K,'لیست واریزی ماهیانه'!$G:$G,'لیست واریزی کل خیرین'!L$3,'لیست واریزی ماهیانه'!$B:$B,'لیست واریزی کل خیرین'!$B:$B,'لیست واریزی ماهیانه'!$I:$I,L$2) -> 0 | M26: =SUMIFS('لیست واریزی ماهیانه'!$K:$K,'لیست واریزی ماهیانه'!$G:$G,'لیست واریزی کل خیرین'!M$3,'لیست واریزی ماهیانه'!$B:$B,'لیست واریزی کل خیرین'!$B:$B,'لیست واریزی ماهیانه'!$I:$I,M$2) -> 0 | N26: =SUMIFS('لیست واریزی ماهیانه'!$K:$K,'لیست واریزی ماهیانه'!$G:$G,'لیست واریزی کل خیرین'!N$3,'لیست واریزی ماهیانه'!$B:$B,'لیست واریزی کل خیرین'!$B:$B,'لیست واریزی ماهیانه'!$I:$I,N$2) -> 10000000 | O26: =SUMIFS('لیست واریزی ماهیانه'!$K:$K,'لیست واریزی ماهیانه'!$G:$G,'لیست واریزی کل خیرین'!O$3,'لیست واریزی ماهیانه'!$B:$B,'لیست واریزی کل خیرین'!$B:$B,'لیست واریزی ماهیانه'!$I:$I,O$2) -> 10000000 | P26: =SUMIFS('لیست واریزی ماهیانه'!$K:$K,'لیست واریزی ماهیانه'!$G:$G,'لیست واریزی کل خیرین'!P$3,'لیست واریزی ماهیانه'!$B:$B,'لیست واریزی کل خیرین'!$B:$B,'لیست واریزی ماهیانه'!$I:$I,P$2) -> 10000000 | Q26: =SUMIFS('لیست واریزی ماهیانه'!$K:$K,'لیست واریزی ماهیانه'!$G:$G,'لیست واریزی کل خیرین'!Q$3,'لیست واریزی ماهیانه'!$B:$B,'لیست واریزی کل خیرین'!$B:$B,'لیست واریزی ماهیانه'!$I:$I,Q$2) -> 10000000 | R26: =SUMIFS('لیست واریزی ماهیانه'!$K:$K,'لیست واریزی ماهیانه'!$G:$G,'لیست واریزی کل خیرین'!R$3,'لیست واریزی ماهیانه'!$B:$B,'لیست واریزی کل خیرین'!$B:$B,'لیست واریزی ماهیانه'!$I:$I,R$2) -> 10000000 | S26: =SUMIFS('لیست واریزی ماهیانه'!$K:$K,'لیست واریزی ماهیانه'!$G:$G,'لیست واریزی کل خیرین'!S$3,'لیست واریزی ماهیانه'!$B:$B,'لیست واریزی کل خیرین'!$B:$B,'لیست واریزی ماهیانه'!$I:$I,S$2) -> 10000000 | ... BG26: =SUMIFS('لیست واریزی ماهیانه'!$K:$K,'لیست واریزی ماهیانه'!$G:$G,'لیست واریزی کل خیرین'!BG$3,'لیست واریزی ماهیانه'!$B:$B,'لیست واریزی کل خیرین'!$B:$B,'لیست واریزی ماهیانه'!$I:$I,BG$2) -> 0
B27: 24 | E27: جعفری آزاد | F27: =SUMIFS(Table1[مبلغ واریزی],Table1[ردیف],$B27,Table1[سال],F$2) -> 30000000 | G27: =SUMIFS(Table1[مبلغ واریزی],Table1[ردیف],$B27,Table1[سال],G$2) -> 40000000 | H27: =SUMIFS(Table1[مبلغ واریزی],Table1[ردیف],$B27,Table1[سال],H$2) -> 47500000 | I27: =SUMIFS(Table1[توضیحات ‍‍‍‍],Table1[نام],$B27,Table1[شماره فیش],I$2) -> 0 | J27: =SUMIF('لیست واریزی ماهیانه'!B:B,'لیست واریزی کل خیرین'!$B27,'لیست واریزی ماهیانه'!K:K) -> 127500000 | L27: =SUMIFS('لیست واریزی ماهیانه'!$K:$K,'لیست واریزی ماهیانه'!$G:$G,'لیست واریزی کل خیرین'!L$3,'لیست واریزی ماهیانه'!$B:$B,'لیست واریزی کل خیرین'!$B:$B,'لیست واریزی ماهیانه'!$I:$I,L$2) -> 0 | M27: =SUMIFS('لیست واریزی ماهیانه'!$K:$K,'لیست واریزی ماهیانه'!$G:$G,'لیست واریزی کل خیرین'!M$3,'لیست واریزی ماهیانه'!$B:$B,'لیست واریزی کل خیرین'!$B:$B,'لیست واریزی ماهیانه'!$I:$I,M$2) -> 0 | N27: =SUMIFS('لیست واریزی ماهیانه'!$K:$K,'لیست واریزی ماهیانه'!$G:$G,'لیست واریزی کل خیرین'!N$3,'لیست واریزی ماهیانه'!$B:$B,'لیست واریزی کل خیرین'!$B:$B,'لیست واریزی ماهیانه'!$I:$I,N$2) -> 0 | O27: =SUMIFS('لیست واریزی ماهیانه'!$K:$K,'لیست واریزی ماهیانه'!$G:$G,'لیست واریزی کل خیرین'!O$3,'لیست واریزی ماهیانه'!$B:$B,'لیست واریزی کل خیرین'!$B:$B,'لیست واریزی ماهیانه'!$I:$I,O$2) -> 5000000 | P27: =SUMIFS('لیست واریزی ماهیانه'!$K:$K,'لیست واریزی ماهیانه'!$G:$G,'لیست واریزی کل خیرین'!P$3,'لیست واریزی ماهیانه'!$B:$B,'لیست واریزی کل خیرین'!$B:$B,'لیست واریزی ماهیانه'!$I:$I,P$2) -> 5000000 | Q27: =SUMIFS('لیست واریزی ماهیانه'!$K:$K,'لیست واریزی ماهیانه'!$G:$G,'لیست واریزی کل خیرین'!Q$3,'لیست واریزی ماهیانه'!$B:$B,'لیست واریزی کل خیرین'!$B:$B,'لیست واریزی ماهیانه'!$I:$I,Q$2) -> 5000000 | R27: =SUMIFS('لیست واریزی ماهیانه'!$K:$K,'لیست واریزی ماهیانه'!$G:$G,'لیست واریزی کل خیرین'!R$3,'لیست واریزی ماهیانه'!$B:$B,'لیست واریزی کل خیرین'!$B:$B,'لیست واریزی ماهیانه'!$I:$I,R$2) -> 5000000 | S27: =SUMIFS('لیست واریزی ماهیانه'!$K:$K,'لیست واریزی ماهیانه'!$G:$G,'لیست واریزی کل خیرین'!S$3,'لیست واریزی ماهیانه'!$B:$B,'لیست واریزی کل خیرین'!$B:$B,'لیست واریزی ماهیانه'!$I:$I,S$2) -> 5000000 | ... BG27: =SUMIFS('لیست واریزی ماهیانه'!$K:$K,'لیست واریزی ماهیانه'!$G:$G,'لیست واریزی کل خیرین'!BG$3,'لیست واریزی ماهیانه'!$B:$B,'لیست واریزی کل خیرین'!$B:$B,'لیست واریزی ماهیانه'!$I:$I,BG$2) -> 0
B28: 25 | D28: محمد رضا | E28: پوررضایی | F28: =SUMIFS(Table1[مبلغ واریزی],Table1[ردیف],$B28,Table1[سال],F$2) -> 470000000 | G28: =SUMIFS(Table1[مبلغ واریزی],Table1[ردیف],$B28,Table1[سال],G$2) -> 120000000 | H28: =SUMIFS(Table1[مبلغ واریزی],Table1[ردیف],$B28,Table1[سال],H$2) -> 0 | I28: =SUMIFS(Table1[توضیحات ‍‍‍‍],Table1[نام],$B28,Table1[شماره فیش],I$2) -> 0 | J28: =SUMIF('لیست واریزی ماهیانه'!B:B,'لیست واریزی کل خیرین'!$B28,'لیست واریزی ماهیانه'!K:K) -> 590000000 | L28: =SUMIFS('لیست واریزی ماهیانه'!$K:$K,'لیست واریزی ماهیانه'!$G:$G,'لیست واریزی کل خیرین'!L$3,'لیست واریزی ماهیانه'!$B:$B,'لیست واریزی کل خیرین'!$B:$B,'لیست واریزی ماهیانه'!$I:$I,L$2) -> 0 | M28: =SUMIFS('لیست واریزی ماهیانه'!$K:$K,'لیست واریزی ماهیانه'!$G:$G,'لیست واریزی کل خیرین'!M$3,'لیست واریزی ماهیانه'!$B:$B,'لیست واریزی کل خیرین'!$B:$B,'لیست واریزی ماهیانه'!$I:$I,M$2) -> 0 | N28: =SUMIFS('لیست واریزی ماهیانه'!$K:$K,'لیست واریزی ماهیانه'!$G:$G,'لیست واریزی کل خیرین'!N$3,'لیست واریزی ماهیانه'!$B:$B,'لیست واریزی کل خیرین'!$B:$B,'لیست واریزی ماهیانه'!$I:$I,N$2) -> 0 | O28: =SUMIFS('لیست واریزی ماهیانه'!$K:$K,'لیست واریزی ماهیانه'!$G:$G,'لیست واریزی کل خیرین'!O$3,'لیست واریزی ماهیانه'!$B:$B,'لیست واریزی کل خیرین'!$B:$B,'لیست واریزی ماهیانه'!$I:$I,O$2) -> 30000000 | P28: =SUMIFS('لیست واریزی ماهیانه'!$K:$K,'لیست واریزی ماهیانه'!$G:$G,'لیست واریزی کل خیرین'!P$3,'لیست واریزی ماهیانه'!$B:$B,'لیست واریزی کل خیرین'!$B:$B,'لیست واریزی ماهیانه'!$I:$I,P$2) -> 30000000 | Q28: =SUMIFS('لیست واریزی ماهیانه'!$K:$K,'لیست واریزی ماهیانه'!$G:$G,'لیست واریزی کل خیرین'!Q$3,'لیست واریزی ماهیانه'!$B:$B,'لیست واریزی کل خیرین'!$B:$B,'لیست واریزی ماهیانه'!$I:$I,Q$2) -> 30000000 | R28: =SUMIFS('لیست واریزی ماهیانه'!$K:$K,'لیست واریزی ماهیانه'!$G:$G,'لیست واریزی کل خیرین'!R$3,'لیست واریزی ماهیانه'!$B:$B,'لیست واریزی کل خیرین'!$B:$B,'لیست واریزی ماهیانه'!$I:$I,R$2) -> 30000000 | S28: =SUMIFS('لیست واریزی ماهیانه'!$K:$K,'لیست واریزی ماهیانه'!$G:$G,'لیست واریزی کل خیرین'!S$3,'لیست واریزی ماهیانه'!$B:$B,'لیست واریزی کل خیرین'!$B:$B,'لیست واریزی ماهیانه'!$I:$I,S$2) -> 30000000 | ... BG28: =SUMIFS('لیست واریزی ماهیانه'!$K:$K,'لیست واریزی ماهیانه'!$G:$G,'لیست واریزی کل خیرین'!BG$3,'لیست واریزی ماهیانه'!$B:$B,'لیست واریزی کل خیرین'!$B:$B,'لیست واریزی ماهیانه'!$I:$I,BG$2) -> 0
B29: 26 | C29: موردی | D29: مهدی | E29: پرواز | F29: =SUMIFS(Table1[مبلغ واریزی],Table1[ردیف],$B29,Table1[سال],F$2) -> 10000000 | G29: =SUMIFS(Table1[مبلغ واریزی],Table1[ردیف],$B29,Table1[سال],G$2) -> 0 | H29: =SUMIFS(Table1[مبلغ واریزی],Table1[ردیف],$B29,Table1[سال],H$2) -> 0 | I29: =SUMIFS(Table1[توضیحات ‍‍‍‍],Table1[نام],$B29,Table1[شماره فیش],I$2) -> 0 | J29: =SUMIF('لیست واریزی ماهیانه'!B:B,'لیست واریزی کل خیرین'!$B29,'لیست واریزی ماهیانه'!K:K) -> 10000000 | L29: =SUMIFS('لیست واریزی ماهیانه'!$K:$K,'لیست واریزی ماهیانه'!$G:$G,'لیست واریزی کل خیرین'!L$3,'لیست واریزی ماهیانه'!$B:$B,'لیست واریزی کل خیرین'!$B:$B,'لیست واریزی ماهیانه'!$I:$I,L$2) -> 0 | M29: =SUMIFS('لیست واریزی ماهیانه'!$K:$K,'لیست واریزی ماهیانه'!$G:$G,'لیست واریزی کل خیرین'!M$3,'لیست واریزی ماهیانه'!$B:$B,'لیست واریزی کل خیرین'!$B:$B,'لیست واریزی ماهیانه'!$I:$I,M$2) -> 0 | N29: =SUMIFS('لیست واریزی ماهیانه'!$K:$K,'لیست واریزی ماهیانه'!$G:$G,'لیست واریزی کل خیرین'!N$3,'لیست واریزی ماهیانه'!$B:$B,'لیست واریزی کل خیرین'!$B:$B,'لیست واریزی ماهیانه'!$I:$I,N$2) -> 0 | O29: =SUMIFS('لیست واریزی ماهیانه'!$K:$K,'لیست واریزی ماهیانه'!$G:$G,'لیست واریزی کل خیرین'!O$3,'لیست واریزی ماهیانه'!$B:$B,'لیست واریزی کل خیرین'!$B:$B,'لیست واریزی ماهیانه'!$I:$I,O$2) -> 10000000 | P29: =SUMIFS('لیست واریزی ماهیانه'!$K:$K,'لیست واریزی ماهیانه'!$G:$G,'لیست واریزی کل خیرین'!P$3,'لیست واریزی ماهیانه'!$B:$B,'لیست واریزی کل خیرین'!$B:$B,'لیست واریزی ماهیانه'!$I:$I,P$2) -> 0 | Q29: =SUMIFS('لیست واریزی ماهیانه'!$K:$K,'لیست واریزی ماهیانه'!$G:$G,'لیست واریزی کل خیرین'!Q$3,'لیست واریزی ماهیانه'!$B:$B,'لیست واریزی کل خیرین'!$B:$B,'لیست واریزی ماهیانه'!$I:$I,Q$2) -> 0 | R29: =SUMIFS('لیست واریزی ماهیانه'!$K:$K,'لیست واریزی ماهیانه'!$G:$G,'لیست واریزی کل خیرین'!R$3,'لیست واریزی ماهیانه'!$B:$B,'لیست واریزی کل خیرین'!$B:$B,'لیست واریزی ماهیانه'!$I:$I,R$2) -> 0 | S29: =SUMIFS('لیست واریزی ماهیانه'!$K:$K,'لیست واریزی ماهیانه'!$G:$G,'لیست واریزی کل خیرین'!S$3,'لیست واریزی ماهیانه'!$B:$B,'لیست واریزی کل خیرین'!$B:$B,'لیست واریزی ماهیانه'!$I:$I,S$2) -> 0 | ... BG29: =SUMIFS('لیست واریزی ماهیانه'!$K:$K,'لیست واریزی ماهیانه'!$G:$G,'لیست واریزی کل خیرین'!BG$3,'لیست واریزی ماهیانه'!$B:$B,'لیست واریزی کل خیرین'!$B:$B,'لیست واریزی ماهیانه'!$I:$I,BG$2) -> 0
B30: 27 | D30: مهندس | E30: میربلوک | F30: =SUMIFS(Table1[مبلغ واریزی],Table1[ردیف],$B30,Table1[سال],F$2) -> 40000000 | G30: =SUMIFS(Table1[مبلغ واریزی],Table1[ردیف],$B30,Table1[سال],G$2) -> 40000000 | H30: =SUMIFS(Table1[مبلغ واریزی],Table1[ردیف],$B30,Table1[سال],H$2) -> 35000000 | I30: =SUMIFS(Table1[توضیحات ‍‍‍‍],Table1[نام],$B30,Table1[شماره فیش],I$2) -> 0 | J30: =SUMIF('لیست واریزی ماهیانه'!B:B,'لیست واریزی کل خیرین'!$B30,'لیست واریزی ماهیانه'!K:K) -> 115000000 | L30: =SUMIFS('لیست واریزی ماهیانه'!$K:$K,'لیست واریزی ماهیانه'!$G:$G,'لیست واریزی کل خیرین'!L$3,'لیست واریزی ماهیانه'!$B:$B,'لیست واریزی کل خیرین'!$B:$B,'لیست واریزی ماهیانه'!$I:$I,L$2) -> 0 | M30: =SUMIFS('لیست واریزی ماهیانه'!$K:$K,'لیست واریزی ماهیانه'!$G:$G,'لیست واریزی کل خیرین'!M$3,'لیست واریزی ماهیانه'!$B:$B,'لیست واریزی کل خیرین'!$B:$B,'لیست واریزی ماهیانه'!$I:$I,M$2) -> 0 | N30: =SUMIFS('لیست واریزی ماهیانه'!$K:$K,'لیست واریزی ماهیانه'!$G:$G,'لیست واریزی کل خیرین'!N$3,'لیست واریزی ماهیانه'!$B:$B,'لیست واریزی کل خیرین'!$B:$B,'لیست واریزی ماهیانه'!$I:$I,N$2) -> 0 | O30: =SUMIFS('لیست واریزی ماهیانه'!$K:$K,'لیست واریزی ماهیانه'!$G:$G,'لیست واریزی کل خیرین'!O$3,'لیست واریزی ماهیانه'!$B:$B,'لیست واریزی کل خیرین'!$B:$B,'لیست واریزی ماهیانه'!$I:$I,O$2) -> 5000000 | P30: =SUMIFS('لیست واریزی ماهیانه'!$K:$K,'لیست واریزی ماهیانه'!$G:$G,'لیست واریزی کل خیرین'!P$3,'لیست واریزی ماهیانه'!$B:$B,'لیست واریزی کل خیرین'!$B:$B,'لیست واریزی ماهیانه'!$I:$I,P$2) -> 0 | Q30: =SUMIFS('لیست واریزی ماهیانه'!$K:$K,'لیست واریزی ماهیانه'!$G:$G,'لیست واریزی کل خیرین'!Q$3,'لیست واریزی ماهیانه'!$B:$B,'لیست واریزی کل خیرین'!$B:$B,'لیست واریزی ماهیانه'!$I:$I,Q$2) -> 5000000 | R30: =SUMIFS('لیست واریزی ماهیانه'!$K:$K,'لیست واریزی ماهیانه'!$G:$G,'لیست واریزی کل خیرین'!R$3,'لیست واریزی ماهیانه'!$B:$B,'لیست واریزی کل خیرین'!$B:$B,'لیست واریزی ماهیانه'!$I:$I,R$2) -> 5000000 | S30: =SUMIFS('لیست واریزی ماهیانه'!$K:$K,'لیست واریزی ماهیانه'!$G:$G,'لیست واریزی کل خیرین'!S$3,'لیست واریزی ماهیانه'!$B:$B,'لیست واریزی کل خیرین'!$B:$B,'لیست واریزی ماهیانه'!$I:$I,S$2) -> 5000000 | ... BG30: =SUMIFS('لیست واریزی ماهیانه'!$K:$K,'لیست واریزی ماهیانه'!$G:$G,'لیست واریزی کل خیرین'!BG$3,'لیست واریزی ماهیانه'!$B:$B,'لیست واریزی کل خیرین'!$B:$B,'لیست واریزی ماهیانه'!$I:$I,BG$2) -> 0
B31: 28 | D31: عماد | E31: احتشام | F31: =SUMIFS(Table1[مبلغ واریزی],Table1[ردیف],$B31,Table1[سال],F$2) -> 36500000 | G31: =SUMIFS(Table1[مبلغ واریزی],Table1[ردیف],$B31,Table1[سال],G$2) -> 30000000 | H31: =SUMIFS(Table1[مبلغ واریزی],Table1[ردیف],$B31,Table1[سال],H$2) -> 0 | I31: =SUMIFS(Table1[توضیحات ‍‍‍‍],Table1[نام],$B31,Table1[شماره فیش],I$2) -> 0 | J31: =SUMIF('لیست واریزی ماهیانه'!B:B,'لیست واریزی کل خیرین'!$B31,'لیست واریزی ماهیانه'!K:K) -> 66500000 | L31: =SUMIFS('لیست واریزی ماهیانه'!$K:$K,'لیست واریزی ماهیانه'!$G:$G,'لیست واریزی کل خیرین'!L$3,'لیست واریزی ماهیانه'!$B:$B,'لیست واریزی کل خیرین'!$B:$B,'لیست واریزی ماهیانه'!$I:$I,L$2) -> 0 | M31: =SUMIFS('لیست واریزی ماهیانه'!$K:$K,'لیست واریزی ماهیانه'!$G:$G,'لیست واریزی کل خیرین'!M$3,'لیست واریزی ماهیانه'!$B:$B,'لیست واریزی کل خیرین'!$B:$B,'لیست واریزی ماهیانه'!$I:$I,M$2) -> 0 | N31: =SUMIFS('لیست واریزی ماهیانه'!$K:$K,'لیست واریزی ماهیانه'!$G:$G,'لیست واریزی کل خیرین'!N$3,'لیست واریزی ماهیانه'!$B:$B,'لیست واریزی کل خیرین'!$B:$B,'لیست واریزی ماهیانه'!$I:$I,N$2) -> 0 | O31: =SUMIFS('لیست واریزی ماهیانه'!$K:$K,'لیست واریزی ماهیانه'!$G:$G,'لیست واریزی کل خیرین'!O$3,'لیست واریزی ماهیانه'!$B:$B,'لیست واریزی کل خیرین'!$B:$B,'لیست واریزی ماهیانه'!$I:$I,O$2) -> 10000000 | P31: =SUMIFS('لیست واریزی ماهیانه'!$K:$K,'لیست واریزی ماهیانه'!$G:$G,'لیست واریزی کل خیرین'!P$3,'لیست واریزی ماهیانه'!$B:$B,'لیست واریزی کل خیرین'!$B:$B,'لیست واریزی ماهیانه'!$I:$I,P$2) -> 13000000 | Q31: =SUMIFS('لیست واریزی ماهیانه'!$K:$K,'لیست واریزی ماهیانه'!$G:$G,'لیست واریزی کل خیرین'!Q$3,'لیست واریزی ماهیانه'!$B:$B,'لیست واریزی کل خیرین'!$B:$B,'لیست واریزی ماهیانه'!$I:$I,Q$2) -> 4000000 | R31: =SUMIFS('لیست واریزی ماهیانه'!$K:$K,'لیست واریزی ماهیانه'!$G:$G,'لیست واریزی کل خیرین'!R$3,'لیست واریزی ماهیانه'!$B:$B,'لیست واریزی کل خیرین'!$B:$B,'لیست واریزی ماهیانه'!$I:$I,R$2) -> 3000000 | S31: =SUMIFS('لیست واریزی ماهیانه'!$K:$K,'لیست واریزی ماهیانه'!$G:$G,'لیست واریزی کل خیرین'!S$3,'لیست واریزی ماهیانه'!$B:$B,'لیست واریزی کل خیرین'!$B:$B,'لیست واریزی ماهیانه'!$I:$I,S$2) -> 0 | ... BG31: =SUMIFS('لیست واریزی ماهیانه'!$K:$K,'لیست واریزی ماهیانه'!$G:$G,'لیست واریزی کل خیرین'!BG$3,'لیست واریزی ماهیانه'!$B:$B,'لیست واریزی کل خیرین'!$B:$B,'لیست واریزی ماهیانه'!$I:$I,BG$2) -> 0
B32: 29 | C32: موردی | D32: مادر | E32: مهدی صنوبری | F32: =SUMIFS(Table1[مبلغ واریزی],Table1[ردیف],$B32,Table1[سال],F$2) -> 10000000 | G32: =SUMIFS(Table1[مبلغ واریزی],Table1[ردیف],$B32,Table1[سال],G$2) -> 1500000 | H32: =SUMIFS(Table1[مبلغ واریزی],Table1[ردیف],$B32,Table1[سال],H$2) -> 0 | I32: =SUMIFS(Table1[توضیحات ‍‍‍‍],Table1[نام],$B32,Table1[شماره فیش],I$2) -> 0 | J32: =SUMIF('لیست واریزی ماهیانه'!B:B,'لیست واریزی کل خیرین'!$B32,'لیست واریزی ماهیانه'!K:K) -> 11500000 | L32: =SUMIFS('لیست واریزی ماهیانه'!$K:$K,'لیست واریزی ماهیانه'!$G:$G,'لیست واریزی کل خیرین'!L$3,'لیست واریزی ماهیانه'!$B:$B,'لیست واریزی کل خیرین'!$B:$B,'لیست واریزی ماهیانه'!$I:$I,L$2) -> 0 | M32: =SUMIFS('لیست واریزی ماهیانه'!$K:$K,'لیست واریزی ماهیانه'!$G:$G,'لیست واریزی کل خیرین'!M$3,'لیست واریزی ماهیانه'!$B:$B,'لیست واریزی کل خیرین'!$B:$B,'لیست واریزی ماهیانه'!$I:$I,M$2) -> 0 | N32: =SUMIFS('لیست واریزی ماهیانه'!$K:$K,'لیست واریزی ماهیانه'!$G:$G,'لیست واریزی کل خیرین'!N$3,'لیست واریزی ماهیانه'!$B:$B,'لیست واریزی کل خیرین'!$B:$B,'لیست واریزی ماهیانه'!$I:$I,N$2) -> 0 | O32: =SUMIFS('لیست واریزی ماهیانه'!$K:$K,'لیست واریزی ماهیانه'!$G:$G,'لیست واریزی کل خیرین'!O$3,'لیست واریزی ماهیانه'!$B:$B,'لیست واریزی کل خیرین'!$B:$B,'لیست واریزی ماهیانه'!$I:$I,O$2) -> 10000000 | P32: =SUMIFS('لیست واریزی ماهیانه'!$K:$K,'لیست واریزی ماهیانه'!$G:$G,'لیست واریزی کل خیرین'!P$3,'لیست واریزی ماهیانه'!$B:$B,'لیست واریزی کل خیرین'!$B:$B,'لیست واریزی ماهیانه'!$I:$I,P$2) -> 0 | Q32: =SUMIFS('لیست واریزی ماهیانه'!$K:$K,'لیست واریزی ماهیانه'!$G:$G,'لیست واریزی کل خیرین'!Q$3,'لیست واریزی ماهیانه'!$B:$B,'لیست واریزی کل خیرین'!$B:$B,'لیست واریزی ماهیانه'!$I:$I,Q$2) -> 0 | R32: =SUMIFS('لیست واریزی ماهیانه'!$K:$K,'لیست واریزی ماهیانه'!$G:$G,'لیست واریزی کل خیرین'!R$3,'لیست واریزی ماهیانه'!$B:$B,'لیست واریزی کل خیرین'!$B:$B,'لیست واریزی ماهیانه'!$I:$I,R$2) -> 0 | S32: =SUMIFS('لیست واریزی ماهیانه'!$K:$K,'لیست واریزی ماهیانه'!$G:$G,'لیست واریزی کل خیرین'!S$3,'لیست واریزی ماهیانه'!$B:$B,'لیست واریزی کل خیرین'!$B:$B,'لیست واریزی ماهیانه'!$I:$I,S$2) -> 0 | ... BG32: =SUMIFS('لیست واریزی ماهیانه'!$K:$K,'لیست واریزی ماهیانه'!$G:$G,'لیست واریزی کل خیرین'!BG$3,'لیست واریزی ماهیانه'!$B:$B,'لیست واریزی کل خیرین'!$B:$B,'لیست واریزی ماهیانه'!$I:$I,BG$2) -> 0
B33: 30 | C33: موردی | D33: خانم | E33: امین آقایی | F33: =SUMIFS(Table1[مبلغ واریزی],Table1[ردیف],$B33,Table1[سال],F$2) -> 10000000 | G33: =SUMIFS(Table1[مبلغ واریزی],Table1[ردیف],$B33,Table1[سال],G$2) -> 0 | H33: =SUMIFS(Table1[مبلغ واریزی],Table1[ردیف],$B33,Table1[سال],H$2) -> 30000000 | I33: =SUMIFS(Table1[توضیحات ‍‍‍‍],Table1[نام],$B33,Table1[شماره فیش],I$2) -> 0 | J33: =SUMIF('لیست واریزی ماهیانه'!B:B,'لیست واریزی کل خیرین'!$B33,'لیست واریزی ماهیانه'!K:K) -> 40000000 | L33: =SUMIFS('لیست واریزی ماهیانه'!$K:$K,'لیست واریزی ماهیانه'!$G:$G,'لیست واریزی کل خیرین'!L$3,'لیست واریزی ماهیانه'!$B:$B,'لیست واریزی کل خیرین'!$B:$B,'لیست واریزی ماهیانه'!$I:$I,L$2) -> 0 | M33: =SUMIFS('لیست واریزی ماهیانه'!$K:$K,'لیست واریزی ماهیانه'!$G:$G,'لیست واریزی کل خیرین'!M$3,'لیست واریزی ماهیانه'!$B:$B,'لیست واریزی کل خیرین'!$B:$B,'لیست واریزی ماهیانه'!$I:$I,M$2) -> 0 | N33: =SUMIFS('لیست واریزی ماهیانه'!$K:$K,'لیست واریزی ماهیانه'!$G:$G,'لیست واریزی کل خیرین'!N$3,'لیست واریزی ماهیانه'!$B:$B,'لیست واریزی کل خیرین'!$B:$B,'لیست واریزی ماهیانه'!$I:$I,N$2) -> 0 | O33: =SUMIFS('لیست واریزی ماهیانه'!$K:$K,'لیست واریزی ماهیانه'!$G:$G,'لیست واریزی کل خیرین'!O$3,'لیست واریزی ماهیانه'!$B:$B,'لیست واریزی کل خیرین'!$B:$B,'لیست واریزی ماهیانه'!$I:$I,O$2) -> 10000000 | P33: =SUMIFS('لیست واریزی ماهیانه'!$K:$K,'لیست واریزی ماهیانه'!$G:$G,'لیست واریزی کل خیرین'!P$3,'لیست واریزی ماهیانه'!$B:$B,'لیست واریزی کل خیرین'!$B:$B,'لیست واریزی ماهیانه'!$I:$I,P$2) -> 0 | Q33: =SUMIFS('لیست واریزی ماهیانه'!$K:$K,'لیست واریزی ماهیانه'!$G:$G,'لیست واریزی کل خیرین'!Q$3,'لیست واریزی ماهیانه'!$B:$B,'لیست واریزی کل خیرین'!$B:$B,'لیست واریزی ماهیانه'!$I:$I,Q$2) -> 0 | R33: =SUMIFS('لیست واریزی ماهیانه'!$K:$K,'لیست واریزی ماهیانه'!$G:$G,'لیست واریزی کل خیرین'!R$3,'لیست واریزی ماهیانه'!$B:$B,'لیست واریزی کل خیرین'!$B:$B,'لیست واریزی ماهیانه'!$I:$I,R$2) -> 0 | S33: =SUMIFS('لیست واریزی ماهیانه'!$K:$K,'لیست واریزی ماهیانه'!$G:$G,'لیست واریزی کل خیرین'!S$3,'لیست واریزی ماهیانه'!$B:$B,'لیست واریزی کل خیرین'!$B:$B,'لیست واریزی ماهیانه'!$I:$I,S$2) -> 0 | ... BG33: =SUMIFS('لیست واریزی ماهیانه'!$K:$K,'لیست واریزی ماهیانه'!$G:$G,'لیست واریزی کل خیرین'!BG$3,'لیست واریزی ماهیانه'!$B:$B,'لیست واریزی کل خیرین'!$B:$B,'لیست واریزی ماهیانه'!$I:$I,BG$2) -> 0
B34: 31 | D34: دکتر | E34: صفایی | F34: =SUMIFS(Table1[مبلغ واریزی],Table1[ردیف],$B34,Table1[سال],F$2) -> 5000000 | G34: =SUMIFS(Table1[مبلغ واریزی],Table1[ردیف],$B34,Table1[سال],G$2) -> 0 | H34: =SUMIFS(Table1[مبلغ واریزی],Table1[ردیف],$B34,Table1[سال],H$2) -> 0 | I34: =SUMIFS(Table1[توضیحات ‍‍‍‍],Table1[نام],$B34,Table1[شماره فیش],I$2) -> 0 | J34: =SUMIF('لیست واریزی ماهیانه'!B:B,'لیست واریزی کل خیرین'!$B34,'لیست واریزی ماهیانه'!K:K) -> 5000000 | L34: =SUMIFS('لیست واریزی ماهیانه'!$K:$K,'لیست واریزی ماهیانه'!$G:$G,'لیست واریزی کل خیرین'!L$3,'لیست واریزی ماهیانه'!$B:$B,'لیست واریزی کل خیرین'!$B:$B,'لیست واریزی ماهیانه'!$I:$I,L$2) -> 0 | M34: =SUMIFS('لیست واریزی ماهیانه'!$K:$K,'لیست واریزی ماهیانه'!$G:$G,'لیست واریزی کل خیرین'!M$3,'لیست واریزی ماهیانه'!$B:$B,'لیست واریزی کل خیرین'!$B:$B,'لیست واریزی ماهیانه'!$I:$I,M$2) -> 0 | N34: =SUMIFS('لیست واریزی ماهیانه'!$K:$K,'لیست واریزی ماهیانه'!$G:$G,'لیست واریزی کل خیرین'!N$3,'لیست واریزی ماهیانه'!$B:$B,'لیست واریزی کل خیرین'!$B:$B,'لیست واریزی ماهیانه'!$I:$I,N$2) -> 0 | O34: =SUMIFS('لیست واریزی ماهیانه'!$K:$K,'لیست واریزی ماهیانه'!$G:$G,'لیست واریزی کل خیرین'!O$3,'لیست واریزی ماهیانه'!$B:$B,'لیست واریزی کل خیرین'!$B:$B,'لیست واریزی ماهیانه'!$I:$I,O$2) -> 5000000 | P34: =SUMIFS('لیست واریزی ماهیانه'!$K:$K,'لیست واریزی ماهیانه'!$G:$G,'لیست واریزی کل خیرین'!P$3,'لیست واریزی ماهیانه'!$B:$B,'لیست واریزی کل خیرین'!$B:$B,'لیست واریزی ماهیانه'!$I:$I,P$2) -> 0 | Q34: =SUMIFS('لیست واریزی ماهیانه'!$K:$K,'لیست واریزی ماهیانه'!$G:$G,'لیست واریزی کل خیرین'!Q$3,'لیست واریزی ماهیانه'!$B:$B,'لیست واریزی کل خیرین'!$B:$B,'لیست واریزی ماهیانه'!$I:$I,Q$2) -> 0 | R34: =SUMIFS('لیست واریزی ماهیانه'!$K:$K,'لیست واریزی ماهیانه'!$G:$G,'لیست واریزی کل خیرین'!R$3,'لیست واریزی ماهیانه'!$B:$B,'لیست واریزی کل خیرین'!$B:$B,'لیست واریزی ماهیانه'!$I:$I,R$2) -> 0 | S34: =SUMIFS('لیست واریزی ماهیانه'!$K:$K,'لیست واریزی ماهیانه'!$G:$G,'لیست واریزی کل خیرین'!S$3,'لیست واریزی ماهیانه'!$B:$B,'لیست واریزی کل خیرین'!$B:$B,'لیست واریزی ماهیانه'!$I:$I,S$2) -> 0 | ... BG34: =SUMIFS('لیست واریزی ماهیانه'!$K:$K,'لیست واریزی ماهیانه'!$G:$G,'لیست واریزی کل خیرین'!BG$3,'لیست واریزی ماهیانه'!$B:$B,'لیست واریزی کل خیرین'!$B:$B,'لیست واریزی ماهیانه'!$I:$I,BG$2) -> 0
B35: 32 | D35: امیر | E35: آقازاده | F35: =SUMIFS(Table1[مبلغ واریزی],Table1[ردیف],$B35,Table1[سال],F$2) -> 10000000 | G35: =SUMIFS(Table1[مبلغ واریزی],Table1[ردیف],$B35,Table1[سال],G$2) -> 0 | H35: =SUMIFS(Table1[مبلغ واریزی],Table1[ردیف],$B35,Table1[سال],H$2) -> 0 | I35: =SUMIFS(Table1[توضیحات ‍‍‍‍],Table1[نام],$B35,Table1[شماره فیش],I$2) -> 0 | J35: =SUMIF('لیست واریزی ماهیانه'!B:B,'لیست واریزی کل خیرین'!$B35,'لیست واریزی ماهیانه'!K:K) -> 10000000 | L35: =SUMIFS('لیست واریزی ماهیانه'!$K:$K,'لیست واریزی ماهیانه'!$G:$G,'لیست واریزی کل خیرین'!L$3,'لیست واریزی ماهیانه'!$B:$B,'لیست واریزی کل خیرین'!$B:$B,'لیست واریزی ماهیانه'!$I:$I,L$2) -> 0 | M35: =SUMIFS('لیست واریزی ماهیانه'!$K:$K,'لیست واریزی ماهیانه'!$G:$G,'لیست واریزی کل خیرین'!M$3,'لیست واریزی ماهیانه'!$B:$B,'لیست واریزی کل خیرین'!$B:$B,'لیست واریزی ماهیانه'!$I:$I,M$2) -> 0 | N35: =SUMIFS('لیست واریزی ماهیانه'!$K:$K,'لیست واریزی ماهیانه'!$G:$G,'لیست واریزی کل خیرین'!N$3,'لیست واریزی ماهیانه'!$B:$B,'لیست واریزی کل خیرین'!$B:$B,'لیست واریزی ماهیانه'!$I:$I,N$2) -> 0 | O35: =SUMIFS('لیست واریزی ماهیانه'!$K:$K,'لیست واریزی ماهیانه'!$G:$G,'لیست واریزی کل خیرین'!O$3,'لیست واریزی ماهیانه'!$B:$B,'لیست واریزی کل خیرین'!$B:$B,'لیست واریزی ماهیانه'!$I:$I,O$2) -> 0 | P35: =SUMIFS('لیست واریزی ماهیانه'!$K:$K,'لیست واریزی ماهیانه'!$G:$G,'لیست واریزی کل خیرین'!P$3,'لیست واریزی ماهیانه'!$B:$B,'لیست واریزی کل خیرین'!$B:$B,'لیست واریزی ماهیانه'!$I:$I,P$2) -> 5000000 | Q35: =SUMIFS('لیست واریزی ماهیانه'!$K:$K,'لیست واریزی ماهیانه'!$G:$G,'لیست واریزی کل خیرین'!Q$3,'لیست واریزی ماهیانه'!$B:$B,'لیست واریزی کل خیرین'!$B:$B,'لیست واریزی ماهیانه'!$I:$I,Q$2) -> 0 | R35: =SUMIFS('لیست واریزی ماهیانه'!$K:$K,'لیست واریزی ماهیانه'!$G:$G,'لیست واریزی کل خیرین'!R$3,'لیست واریزی ماهیانه'!$B:$B,'لیست واریزی کل خیرین'!$B:$B,'لیست واریزی ماهیانه'!$I:$I,R$2) -> 5000000 | S35: =SUMIFS('لیست واریزی ماهیانه'!$K:$K,'لیست واریزی ماهیانه'!$G:$G,'لیست واریزی کل خیرین'!S$3,'لیست واریزی ماهیانه'!$B:$B,'لیست واریزی کل خیرین'!$B:$B,'لیست واریزی ماهیانه'!$I:$I,S$2) -> 0 | ... BG35: =SUMIFS('لیست واریزی ماهیانه'!$K:$K,'لیست واریزی ماهیانه'!$G:$G,'لیست واریزی کل خیرین'!BG$3,'لیست واریزی ماهیانه'!$B:$B,'لیست واریزی کل خیرین'!$B:$B,'لیست واریزی ماهیانه'!$I:$I,BG$2) -> 0
B36: 33 | C36: موردی | D36: بهرام | E36: هجرانی | F36: =SUMIFS(Table1[مبلغ واریزی],Table1[ردیف],$B36,Table1[سال],F$2) -> 110000000 | G36: =SUMIFS(Table1[مبلغ واریزی],Table1[ردیف],$B36,Table1[سال],G$2) -> 0 | H36: =SUMIFS(Table1[مبلغ واریزی],Table1[ردیف],$B36,Table1[سال],H$2) -> 0 | I36: =SUMIFS(Table1[توضیحات ‍‍‍‍],Table1[نام],$B36,Table1[شماره فیش],I$2) -> 0 | J36: =SUMIF('لیست واریزی ماهیانه'!B:B,'لیست واریزی کل خیرین'!$B36,'لیست واریزی ماهیانه'!K:K) -> 110000000 | L36: =SUMIFS('لیست واریزی ماهیانه'!$K:$K,'لیست واریزی ماهیانه'!$G:$G,'لیست واریزی کل خیرین'!L$3,'لیست واریزی ماهیانه'!$B:$B,'لیست واریزی کل خیرین'!$B:$B,'لیست واریزی ماهیانه'!$I:$I,L$2) -> 0 | M36: =SUMIFS('لیست واریزی ماهیانه'!$K:$K,'لیست واریزی ماهیانه'!$G:$G,'لیست واریزی کل خیرین'!M$3,'لیست واریزی ماهیانه'!$B:$B,'لیست واریزی کل خیرین'!$B:$B,'لیست واریزی ماهیانه'!$I:$I,M$2) -> 0 | N36: =SUMIFS('لیست واریزی ماهیانه'!$K:$K,'لیست واریزی ماهیانه'!$G:$G,'لیست واریزی کل خیرین'!N$3,'لیست واریزی ماهیانه'!$B:$B,'لیست واریزی کل خیرین'!$B:$B,'لیست واریزی ماهیانه'!$I:$I,N$2) -> 0 | O36: =SUMIFS('لیست واریزی ماهیانه'!$K:$K,'لیست واریزی ماهیانه'!$G:$G,'لیست واریزی کل خیرین'!O$3,'لیست واریزی ماهیانه'!$B:$B,'لیست واریزی کل خیرین'!$B:$B,'لیست واریزی ماهیانه'!$I:$I,O$2) -> 0 | P36: =SUMIFS('لیست واریزی ماهیانه'!$K:$K,'لیست واریزی ماهیانه'!$G:$G,'لیست واریزی کل خیرین'!P$3,'لیست واریزی ماهیانه'!$B:$B,'لیست واریزی کل خیرین'!$B:$B,'لیست واریزی ماهیانه'!$I:$I,P$2) -> 20000000 | Q36: =SUMIFS('لیست واریزی ماهیانه'!$K:$K,'لیست واریزی ماهیانه'!$G:$G,'لیست واریزی کل خیرین'!Q$3,'لیست واریزی ماهیانه'!$B:$B,'لیست واریزی کل خیرین'!$B:$B,'لیست واریزی ماهیانه'!$I:$I,Q$2) -> 20000000 | R36: =SUMIFS('لیست واریزی ماهیانه'!$K:$K,'لیست واریزی ماهیانه'!$G:$G,'لیست واریزی کل خیرین'!R$3,'لیست واریزی ماهیانه'!$B:$B,'لیست واریزی کل خیرین'!$B:$B,'لیست واریزی ماهیانه'!$I:$I,R$2) -> 20000000 | S36: =SUMIFS('لیست واریزی ماهیانه'!$K:$K,'لیست واریزی ماهیانه'!$G:$G,'لیست واریزی کل خیرین'!S$3,'لیست واریزی ماهیانه'!$B:$B,'لیست واریزی کل خیرین'!$B:$B,'لیست واریزی ماهیانه'!$I:$I,S$2) -> 20000000 | ... BG36: =SUMIFS('لیست واریزی ماهیانه'!$K:$K,'لیست واریزی ماهیانه'!$G:$G,'لیست واریزی کل خیرین'!BG$3,'لیست واریزی ماهیانه'!$B:$B,'لیست واریزی کل خیرین'!$B:$B,'لیست واریزی ماهیانه'!$I:$I,BG$2) -> 0
B37: 34 | D37: علیرضا | E37: اعتضادی | F37: =SUMIFS(Table1[مبلغ واریزی],Table1[ردیف],$B37,Table1[سال],F$2) -> 35000000 | G37: =SUMIFS(Table1[مبلغ واریزی],Table1[ردیف],$B37,Table1[سال],G$2) -> 0 | H37: =SUMIFS(Table1[مبلغ واریزی],Table1[ردیف],$B37,Table1[سال],H$2) -> 0 | I37: =SUMIFS(Table1[توضیحات ‍‍‍‍],Table1[نام],$B37,Table1[شماره فیش],I$2) -> 0 | J37: =SUMIF('لیست واریزی ماهیانه'!B:B,'لیست واریزی کل خیرین'!$B37,'لیست واریزی ماهیانه'!K:K) -> 35000000 | L37: =SUMIFS('لیست واریزی ماهیانه'!$K:$K,'لیست واریزی ماهیانه'!$G:$G,'لیست واریزی کل خیرین'!L$3,'لیست واریزی ماهیانه'!$B:$B,'لیست واریزی کل خیرین'!$B:$B,'لیست واریزی ماهیانه'!$I:$I,L$2) -> 0 | M37: =SUMIFS('لیست واریزی ماهیانه'!$K:$K,'لیست واریزی ماهیانه'!$G:$G,'لیست واریزی کل خیرین'!M$3,'لیست واریزی ماهیانه'!$B:$B,'لیست واریزی کل خیرین'!$B:$B,'لیست واریزی ماهیانه'!$I:$I,M$2) -> 0 | N37: =SUMIFS('لیست واریزی ماهیانه'!$K:$K,'لیست واریزی ماهیانه'!$G:$G,'لیست واریزی کل خیرین'!N$3,'لیست واریزی ماهیانه'!$B:$B,'لیست واریزی کل خیرین'!$B:$B,'لیست واریزی ماهیانه'!$I:$I,N$2) -> 0 | O37: =SUMIFS('لیست واریزی ماهیانه'!$K:$K,'لیست واریزی ماهیانه'!$G:$G,'لیست واریزی کل خیرین'!O$3,'لیست واریزی ماهیانه'!$B:$B,'لیست واریزی کل خیرین'!$B:$B,'لیست واریزی ماهیانه'!$I:$I,O$2) -> 0 | P37: =SUMIFS('لیست واریزی ماهیانه'!$K:$K,'لیست واریزی ماهیانه'!$G:$G,'لیست واریزی کل خیرین'!P$3,'لیست واریزی ماهیانه'!$B:$B,'لیست واریزی کل خیرین'!$B:$B,'لیست واریزی ماهیانه'!$I:$I,P$2) -> 5000000 | Q37: =SUMIFS('لیست واریزی ماهیانه'!$K:$K,'لیست واریزی ماهیانه'!$G:$G,'لیست واریزی کل خیرین'!Q$3,'لیست واریزی ماهیانه'!$B:$B,'لیست واریزی کل خیرین'!$B:$B,'لیست واریزی ماهیانه'!$I:$I,Q$2) -> 5000000 | R37: =SUMIFS('لیست واریزی ماهیانه'!$K:$K,'لیست واریزی ماهیانه'!$G:$G,'لیست واریزی کل خیرین'!R$3,'لیست واریزی ماهیانه'!$B:$B,'لیست واریزی کل خیرین'!$B:$B,'لیست واریزی ماهیانه'!$I:$I,R$2) -> 5000000 | S37: =SUMIFS('لیست واریزی ماهیانه'!$K:$K,'لیست واریزی ماهیانه'!$G:$G,'لیست واریزی کل خیرین'!S$3,'لیست واریزی ماهیانه'!$B:$B,'لیست واریزی کل خیرین'!$B:$B,'لیست واریزی ماهیانه'!$I:$I,S$2) -> 5000000 | ... BG37: =SUMIFS('لیست واریزی ماهیانه'!$K:$K,'لیست واریزی ماهیانه'!$G:$G,'لیست واریزی کل خیرین'!BG$3,'لیست واریزی ماهیانه'!$B:$B,'لیست واریزی کل خیرین'!$B:$B,'لیست واریزی ماهیانه'!$I:$I,BG$2) -> 0
B38: 35 | D38: احسان | E38: مهاجری | F38: =SUMIFS(Table1[مبلغ واریزی],Table1[ردیف],$B38,Table1[سال],F$2) -> 25000000 | G38: =SUMIFS(Table1[مبلغ واریزی],Table1[ردیف],$B38,Table1[سال],G$2) -> 43000000 | H38: =SUMIFS(Table1[مبلغ واریزی],Table1[ردیف],$B38,Table1[سال],H$2) -> 62000000 | I38: =SUMIFS(Table1[توضیحات ‍‍‍‍],Table1[نام],$B38,Table1[شماره فیش],I$2) -> 0 | J38: =SUMIF('لیست واریزی ماهیانه'!B:B,'لیست واریزی کل خیرین'!$B38,'لیست واریزی ماهیانه'!K:K) -> 195000000 | L38: =SUMIFS('لیست واریزی ماهیانه'!$K:$K,'لیست واریزی ماهیانه'!$G:$G,'لیست واریزی کل خیرین'!L$3,'لیست واریزی ماهیانه'!$B:$B,'لیست واریزی کل خیرین'!$B:$B,'لیست واریزی ماهیانه'!$I:$I,L$2) -> 0 | M38: =SUMIFS('لیست واریزی ماهیانه'!$K:$K,'لیست واریزی ماهیانه'!$G:$G,'لیست واریزی کل خیرین'!M$3,'لیست واریزی ماهیانه'!$B:$B,'لیست واریزی کل خیرین'!$B:$B,'لیست واریزی ماهیانه'!$I:$I,M$2) -> 0 | N38: =SUMIFS('لیست واریزی ماهیانه'!$K:$K,'لیست واریزی ماهیانه'!$G:$G,'لیست واریزی کل خیرین'!N$3,'لیست واریزی ماهیانه'!$B:$B,'لیست واریزی کل خیرین'!$B:$B,'لیست واریزی ماهیانه'!$I:$I,N$2) -> 0 | O38: =SUMIFS('لیست واریزی ماهیانه'!$K:$K,'لیست واریزی ماهیانه'!$G:$G,'لیست واریزی کل خیرین'!O$3,'لیست واریزی ماهیانه'!$B:$B,'لیست واریزی کل خیرین'!$B:$B,'لیست واریزی ماهیانه'!$I:$I,O$2) -> 0 | P38: =SUMIFS('لیست واریزی ماهیانه'!$K:$K,'لیست واریزی ماهیانه'!$G:$G,'لیست واریزی کل خیرین'!P$3,'لیست واریزی ماهیانه'!$B:$B,'لیست واریزی کل خیرین'!$B:$B,'لیست واریزی ماهیانه'!$I:$I,P$2) -> 2000000 | Q38: =SUMIFS('لیست واریزی ماهیانه'!$K:$K,'لیست واریزی ماهیانه'!$G:$G,'لیست واریزی کل خیرین'!Q$3,'لیست واریزی ماهیانه'!$B:$B,'لیست واریزی کل خیرین'!$B:$B,'لیست واریزی ماهیانه'!$I:$I,Q$2) -> 2000000 | R38: =SUMIFS('لیست واریزی ماهیانه'!$K:$K,'لیست واریزی ماهیانه'!$G:$G,'لیست واریزی کل خیرین'!R$3,'لیست واریزی ماهیانه'!$B:$B,'لیست واریزی کل خیرین'!$B:$B,'لیست واریزی ماهیانه'!$I:$I,R$2) -> 3000000 | S38: =SUMIFS('لیست واریزی ماهیانه'!$K:$K,'لیست واریزی ماهیانه'!$G:$G,'لیست واریزی کل خیرین'!S$3,'لیست واریزی ماهیانه'!$B:$B,'لیست واریزی کل خیرین'!$B:$B,'لیست واریزی ماهیانه'!$I:$I,S$2) -> 2000000 | ... BG38: =SUMIFS('لیست واریزی ماهیانه'!$K:$K,'لیست واریزی ماهیانه'!$G:$G,'لیست واریزی کل خیرین'!BG$3,'لیست واریزی ماهیانه'!$B:$B,'لیست واریزی کل خیرین'!$B:$B,'لیست واریزی ماهیانه'!$I:$I,BG$2) -> 0
B39: 36 | C39: موردی | D39: نازنین | E39: سیستار | F39: =SUMIFS(Table1[مبلغ واریزی],Table1[ردیف],$B39,Table1[سال],F$2) -> 490000000 | G39: =SUMIFS(Table1[مبلغ واریزی],Table1[ردیف],$B39,Table1[سال],G$2) -> 0 | H39: =SUMIFS(Table1[مبلغ واریزی],Table1[ردیف],$B39,Table1[سال],H$2) -> 0 | I39: =SUMIFS(Table1[توضیحات ‍‍‍‍],Table1[نام],$B39,Table1[شماره فیش],I$2) -> 0 | J39: =SUMIF('لیست واریزی ماهیانه'!B:B,'لیست واریزی کل خیرین'!$B39,'لیست واریزی ماهیانه'!K:K) -> 490000000 | L39: =SUMIFS('لیست واریزی ماهیانه'!$K:$K,'لیست واریزی ماهیانه'!$G:$G,'لیست واریزی کل خیرین'!L$3,'لیست واریزی ماهیانه'!$B:$B,'لیست واریزی کل خیرین'!$B:$B,'لیست واریزی ماهیانه'!$I:$I,L$2) -> 0 | M39: =SUMIFS('لیست واریزی ماهیانه'!$K:$K,'لیست واریزی ماهیانه'!$G:$G,'لیست واریزی کل خیرین'!M$3,'لیست واریزی ماهیانه'!$B:$B,'لیست واریزی کل خیرین'!$B:$B,'لیست واریزی ماهیانه'!$I:$I,M$2) -> 0 | N39: =SUMIFS('لیست واریزی ماهیانه'!$K:$K,'لیست واریزی ماهیانه'!$G:$G,'لیست واریزی کل خیرین'!N$3,'لیست واریزی ماهیانه'!$B:$B,'لیست واریزی کل خیرین'!$B:$B,'لیست واریزی ماهیانه'!$I:$I,N$2) -> 0 | O39: =SUMIFS('لیست واریزی ماهیانه'!$K:$K,'لیست واریزی ماهیانه'!$G:$G,'لیست واریزی کل خیرین'!O$3,'لیست واریزی ماهیانه'!$B:$B,'لیست واریزی کل خیرین'!$B:$B,'لیست واریزی ماهیانه'!$I:$I,O$2) -> 0 | P39: =SUMIFS('لیست واریزی ماهیانه'!$K:$K,'لیست واریزی ماهیانه'!$G:$G,'لیست واریزی کل خیرین'!P$3,'لیست واریزی ماهیانه'!$B:$B,'لیست واریزی کل خیرین'!$B:$B,'لیست واریزی ماهیانه'!$I:$I,P$2) -> 300000000 | Q39: =SUMIFS('لیست واریزی ماهیانه'!$K:$K,'لیست واریزی ماهیانه'!$G:$G,'لیست واریزی کل خیرین'!Q$3,'لیست واریزی ماهیانه'!$B:$B,'لیست واریزی کل خیرین'!$B:$B,'لیست واریزی ماهیانه'!$I:$I,Q$2) -> 70000000 | R39: =SUMIFS('لیست واریزی ماهیانه'!$K:$K,'لیست واریزی ماهیانه'!$G:$G,'لیست واریزی کل خیرین'!R$3,'لیست واریزی ماهیانه'!$B:$B,'لیست واریزی کل خیرین'!$B:$B,'لیست واریزی ماهیانه'!$I:$I,R$2) -> 0 | S39: =SUMIFS('لیست واریزی ماهیانه'!$K:$K,'لیست واریزی ماهیانه'!$G:$G,'لیست واریزی کل خیرین'!S$3,'لیست واریزی ماهیانه'!$B:$B,'لیست واریزی کل خیرین'!$B:$B,'لیست واریزی ماهیانه'!$I:$I,S$2) -> 0 | ... BG39: =SUMIFS('لیست واریزی ماهیانه'!$K:$K,'لیست واریزی ماهیانه'!$G:$G,'لیست واریزی کل خیرین'!BG$3,'لیست واریزی ماهیانه'!$B:$B,'لیست واریزی کل خیرین'!$B:$B,'لیست واریزی ماهیانه'!$I:$I,BG$2) -> 0
B40: 37 | C40: موردی | D40: مبین | E40: ایمانیان | F40: =SUMIFS(Table1[مبلغ واریزی],Table1[ردیف],$B40,Table1[سال],F$2) -> 14000000 | G40: =SUMIFS(Table1[مبلغ واریزی],Table1[ردیف],$B40,Table1[سال],G$2) -> 0 | H40: =SUMIFS(Table1[مبلغ واریزی],Table1[ردیف],$B40,Table1[سال],H$2) -> 0 | I40: =SUMIFS(Table1[توضیحات ‍‍‍‍],Table1[نام],$B40,Table1[شماره فیش],I$2) -> 0 | J40: =SUMIF('لیست واریزی ماهیانه'!B:B,'لیست واریزی کل خیرین'!$B40,'لیست واریزی ماهیانه'!K:K) -> 14000000 | L40: =SUMIFS('لیست واریزی ماهیانه'!$K:$K,'لیست واریزی ماهیانه'!$G:$G,'لیست واریزی کل خیرین'!L$3,'لیست واریزی ماهیانه'!$B:$B,'لیست واریزی کل خیرین'!$B:$B,'لیست واریزی ماهیانه'!$I:$I,L$2) -> 0 | M40: =SUMIFS('لیست واریزی ماهیانه'!$K:$K,'لیست واریزی ماهیانه'!$G:$G,'لیست واریزی کل خیرین'!M$3,'لیست واریزی ماهیانه'!$B:$B,'لیست واریزی کل خیرین'!$B:$B,'لیست واریزی ماهیانه'!$I:$I,M$2) -> 0 | N40: =SUMIFS('لیست واریزی ماهیانه'!$K:$K,'لیست واریزی ماهیانه'!$G:$G,'لیست واریزی کل خیرین'!N$3,'لیست واریزی ماهیانه'!$B:$B,'لیست واریزی کل خیرین'!$B:$B,'لیست واریزی ماهیانه'!$I:$I,N$2) -> 0 | O40: =SUMIFS('لیست واریزی ماهیانه'!$K:$K,'لیست واریزی ماهیانه'!$G:$G,'لیست واریزی کل خیرین'!O$3,'لیست واریزی ماهیانه'!$B:$B,'لیست واریزی کل خیرین'!$B:$B,'لیست واریزی ماهیانه'!$I:$I,O$2) -> 0 | P40: =SUMIFS('لیست واریزی ماهیانه'!$K:$K,'لیست واریزی ماهیانه'!$G:$G,'لیست واریزی کل خیرین'!P$3,'لیست واریزی ماهیانه'!$B:$B,'لیست واریزی کل خیرین'!$B:$B,'لیست واریزی ماهیانه'!$I:$I,P$2) -> 0 | Q40: =SUMIFS('لیست واریزی ماهیانه'!$K:$K,'لیست واریزی ماهیانه'!$G:$G,'لیست واریزی کل خیرین'!Q$3,'لیست واریزی ماهیانه'!$B:$B,'لیست واریزی کل خیرین'!$B:$B,'لیست واریزی ماهیانه'!$I:$I,Q$2) -> 3000000 | R40: =SUMIFS('لیست واریزی ماهیانه'!$K:$K,'لیست واریزی ماهیانه'!$G:$G,'لیست واریزی کل خیرین'!R$3,'لیست واریزی ماهیانه'!$B:$B,'لیست واریزی کل خیرین'!$B:$B,'لیست واریزی ماهیانه'!$I:$I,R$2) -> 3000000 | S40: =SUMIFS('لیست واریزی ماهیانه'!$K:$K,'لیست واریزی ماهیانه'!$G:$G,'لیست واریزی کل خیرین'!S$3,'لیست واریزی ماهیانه'!$B:$B,'لیست واریزی کل خیرین'!$B:$B,'لیست واریزی ماهیانه'!$I:$I,S$2) -> 3000000 | ... BG40: =SUMIFS('لیست واریزی ماهیانه'!$K:$K,'لیست واریزی ماهیانه'!$G:$G,'لیست واریزی کل خیرین'!BG$3,'لیست واریزی ماهیانه'!$B:$B,'لیست واریزی کل خیرین'!$B:$B,'لیست واریزی ماهیانه'!$I:$I,BG$2) -> 0
B41: 38 | C41: موردی | D41: فرخ | E41: قزلی | F41: =SUMIFS(Table1[مبلغ واریزی],Table1[ردیف],$B41,Table1[سال],F$2) -> 12000000 | G41: =SUMIFS(Table1[مبلغ واریزی],Table1[ردیف],$B41,Table1[سال],G$2) -> 6000000 | H41: =SUMIFS(Table1[مبلغ واریزی],Table1[ردیف],$B41,Table1[سال],H$2) -> 0 | I41: =SUMIFS(Table1[توضیحات ‍‍‍‍],Table1[نام],$B41,Table1[شماره فیش],I$2) -> 0 | J41: =SUMIF('لیست واریزی ماهیانه'!B:B,'لیست واریزی کل خیرین'!$B41,'لیست واریزی ماهیانه'!K:K) -> 18000000 | L41: =SUMIFS('لیست واریزی ماهیانه'!$K:$K,'لیست واریزی ماهیانه'!$G:$G,'لیست واریزی کل خیرین'!L$3,'لیست واریزی ماهیانه'!$B:$B,'لیست واریزی کل خیرین'!$B:$B,'لیست واریزی ماهیانه'!$I:$I,L$2) -> 0 | M41: =SUMIFS('لیست واریزی ماهیانه'!$K:$K,'لیست واریزی ماهیانه'!$G:$G,'لیست واریزی کل خیرین'!M$3,'لیست واریزی ماهیانه'!$B:$B,'لیست واریزی کل خیرین'!$B:$B,'لیست واریزی ماهیانه'!$I:$I,M$2) -> 0 | N41: =SUMIFS('لیست واریزی ماهیانه'!$K:$K,'لیست واریزی ماهیانه'!$G:$G,'لیست واریزی کل خیرین'!N$3,'لیست واریزی ماهیانه'!$B:$B,'لیست واریزی کل خیرین'!$B:$B,'لیست واریزی ماهیانه'!$I:$I,N$2) -> 0 | O41: =SUMIFS('لیست واریزی ماهیانه'!$K:$K,'لیست واریزی ماهیانه'!$G:$G,'لیست واریزی کل خیرین'!O$3,'لیست واریزی ماهیانه'!$B:$B,'لیست واریزی کل خیرین'!$B:$B,'لیست واریزی ماهیانه'!$I:$I,O$2) -> 3000000 | P41: =SUMIFS('لیست واریزی ماهیانه'!$K:$K,'لیست واریزی ماهیانه'!$G:$G,'لیست واریزی کل خیرین'!P$3,'لیست واریزی ماهیانه'!$B:$B,'لیست واریزی کل خیرین'!$B:$B,'لیست واریزی ماهیانه'!$I:$I,P$2) -> 3000000 | Q41: =SUMIFS('لیست واریزی ماهیانه'!$K:$K,'لیست واریزی ماهیانه'!$G:$G,'لیست واریزی کل خیرین'!Q$3,'لیست واریزی ماهیانه'!$B:$B,'لیست واریزی کل خیرین'!$B:$B,'لیست واریزی ماهیانه'!$I:$I,Q$2) -> 3000000 | R41: =SUMIFS('لیست واریزی ماهیانه'!$K:$K,'لیست واریزی ماهیانه'!$G:$G,'لیست واریزی کل خیرین'!R$3,'لیست واریزی ماهیانه'!$B:$B,'لیست واریزی کل خیرین'!$B:$B,'لیست واریزی ماهیانه'!$I:$I,R$2) -> 3000000 | S41: =SUMIFS('لیست واریزی ماهیانه'!$K:$K,'لیست واریزی ماهیانه'!$G:$G,'لیست واریزی کل خیرین'!S$3,'لیست واریزی ماهیانه'!$B:$B,'لیست واریزی کل خیرین'!$B:$B,'لیست واریزی ماهیانه'!$I:$I,S$2) -> 0 | ... BG41: =SUMIFS('لیست واریزی ماهیانه'!$K:$K,'لیست واریزی ماهیانه'!$G:$G,'لیست واریزی کل خیرین'!BG$3,'لیست واریزی ماهیانه'!$B:$B,'لیست واریزی کل خیرین'!$B:$B,'لیست واریزی ماهیانه'!$I:$I,BG$2) -> 0
B42: 39 | D42: مهدی | E42: تولیت | F42: =SUMIFS(Table1[مبلغ واریزی],Table1[ردیف],$B42,Table1[سال],F$2) -> 32000000 | G42: =SUMIFS(Table1[مبلغ واریزی],Table1[ردیف],$B42,Table1[سال],G$2) -> 0 | H42: =SUMIFS(Table1[مبلغ واریزی],Table1[ردیف],$B42,Table1[سال],H$2) -> 60000000 | I42: =SUMIFS(Table1[توضیحات ‍‍‍‍],Table1[نام],$B42,Table1[شماره فیش],I$2) -> 0 | J42: =SUMIF('لیست واریزی ماهیانه'!B:B,'لیست واریزی کل خیرین'!$B42,'لیست واریزی ماهیانه'!K:K) -> 92000000 | L42: =SUMIFS('لیست واریزی ماهیانه'!$K:$K,'لیست واریزی ماهیانه'!$G:$G,'لیست واریزی کل خیرین'!L$3,'لیست واریزی ماهیانه'!$B:$B,'لیست واریزی کل خیرین'!$B:$B,'لیست واریزی ماهیانه'!$I:$I,L$2) -> 0 | M42: =SUMIFS('لیست واریزی ماهیانه'!$K:$K,'لیست واریزی ماهیانه'!$G:$G,'لیست واریزی کل خیرین'!M$3,'لیست واریزی ماهیانه'!$B:$B,'لیست واریزی کل خیرین'!$B:$B,'لیست واریزی ماهیانه'!$I:$I,M$2) -> 0 | N42: =SUMIFS('لیست واریزی ماهیانه'!$K:$K,'لیست واریزی ماهیانه'!$G:$G,'لیست واریزی کل خیرین'!N$3,'لیست واریزی ماهیانه'!$B:$B,'لیست واریزی کل خیرین'!$B:$B,'لیست واریزی ماهیانه'!$I:$I,N$2) -> 0 | O42: =SUMIFS('لیست واریزی ماهیانه'!$K:$K,'لیست واریزی ماهیانه'!$G:$G,'لیست واریزی کل خیرین'!O$3,'لیست واریزی ماهیانه'!$B:$B,'لیست واریزی کل خیرین'!$B:$B,'لیست واریزی ماهیانه'!$I:$I,O$2) -> 16000000 | P42: =SUMIFS('لیست واریزی ماهیانه'!$K:$K,'لیست واریزی ماهیانه'!$G:$G,'لیست واریزی کل خیرین'!P$3,'لیست واریزی ماهیانه'!$B:$B,'لیست واریزی کل خیرین'!$B:$B,'لیست واریزی ماهیانه'!$I:$I,P$2) -> 16000000 | Q42: =SUMIFS('لیست واریزی ماهیانه'!$K:$K,'لیست واریزی ماهیانه'!$G:$G,'لیست واریزی کل خیرین'!Q$3,'لیست واریزی ماهیانه'!$B:$B,'لیست واریزی کل خیرین'!$B:$B,'لیست واریزی ماهیانه'!$I:$I,Q$2) -> 0 | R42: =SUMIFS('لیست واریزی ماهیانه'!$K:$K,'لیست واریزی ماهیانه'!$G:$G,'لیست واریزی کل خیرین'!R$3,'لیست واریزی ماهیانه'!$B:$B,'لیست واریزی کل خیرین'!$B:$B,'لیست واریزی ماهیانه'!$I:$I,R$2) -> 0 | S42: =SUMIFS('لیست واریزی ماهیانه'!$K:$K,'لیست واریزی ماهیانه'!$G:$G,'لیست واریزی کل خیرین'!S$3,'لیست واریزی ماهیانه'!$B:$B,'لیست واریزی کل خیرین'!$B:$B,'لیست واریزی ماهیانه'!$I:$I,S$2) -> 0 | ... BG42: =SUMIFS('لیست واریزی ماهیانه'!$K:$K,'لیست واریزی ماهیانه'!$G:$G,'لیست واریزی کل خیرین'!BG$3,'لیست واریزی ماهیانه'!$B:$B,'لیست واریزی کل خیرین'!$B:$B,'لیست واریزی ماهیانه'!$I:$I,BG$2) -> 0
B43: 40 | D43: رضا | E43: پوررضایی | F43: =SUMIFS(Table1[مبلغ واریزی],Table1[ردیف],$B43,Table1[سال],F$2) -> 250000000 | G43: =SUMIFS(Table1[مبلغ واریزی],Table1[ردیف],$B43,Table1[سال],G$2) -> 600000000 | H43: =SUMIFS(Table1[مبلغ واریزی],Table1[ردیف],$B43,Table1[سال],H$2) -> 950000000 | I43: =SUMIFS(Table1[توضیحات ‍‍‍‍],Table1[نام],$B43,Table1[شماره فیش],I$2) -> 0 | J43: =SUMIF('لیست واریزی ماهیانه'!B:B,'لیست واریزی کل خیرین'!$B43,'لیست واریزی ماهیانه'!K:K) -> 3200000000 | L43: =SUMIFS('لیست واریزی ماهیانه'!$K:$K,'لیست واریزی ماهیانه'!$G:$G,'لیست واریزی کل خیرین'!L$3,'لیست واریزی ماهیانه'!$B:$B,'لیست واریزی کل خیرین'!$B:$B,'لیست واریزی ماهیانه'!$I:$I,L$2) -> 0 | M43: =SUMIFS('لیست واریزی ماهیانه'!$K:$K,'لیست واریزی ماهیانه'!$G:$G,'لیست واریزی کل خیرین'!M$3,'لیست واریزی ماهیانه'!$B:$B,'لیست واریزی کل خیرین'!$B:$B,'لیست واریزی ماهیانه'!$I:$I,M$2) -> 0 | N43: =SUMIFS('لیست واریزی ماهیانه'!$K:$K,'لیست واریزی ماهیانه'!$G:$G,'لیست واریزی کل خیرین'!N$3,'لیست واریزی ماهیانه'!$B:$B,'لیست واریزی کل خیرین'!$B:$B,'لیست واریزی ماهیانه'!$I:$I,N$2) -> 0 | O43: =SUMIFS('لیست واریزی ماهیانه'!$K:$K,'لیست واریزی ماهیانه'!$G:$G,'لیست واریزی کل خیرین'!O$3,'لیست واریزی ماهیانه'!$B:$B,'لیست واریزی کل خیرین'!$B:$B,'لیست واریزی ماهیانه'!$I:$I,O$2) -> 0 | P43: =SUMIFS('لیست واریزی ماهیانه'!$K:$K,'لیست واریزی ماهیانه'!$G:$G,'لیست واریزی کل خیرین'!P$3,'لیست واریزی ماهیانه'!$B:$B,'لیست واریزی کل خیرین'!$B:$B,'لیست واریزی ماهیانه'!$I:$I,P$2) -> 0 | Q43: =SUMIFS('لیست واریزی ماهیانه'!$K:$K,'لیست واریزی ماهیانه'!$G:$G,'لیست واریزی کل خیرین'!Q$3,'لیست واریزی ماهیانه'!$B:$B,'لیست واریزی کل خیرین'!$B:$B,'لیست واریزی ماهیانه'!$I:$I,Q$2) -> 50000000 | R43: =SUMIFS('لیست واریزی ماهیانه'!$K:$K,'لیست واریزی ماهیانه'!$G:$G,'لیست واریزی کل خیرین'!R$3,'لیست واریزی ماهیانه'!$B:$B,'لیست واریزی کل خیرین'!$B:$B,'لیست واریزی ماهیانه'!$I:$I,R$2) -> 50000000 | S43: =SUMIFS('لیست واریزی ماهیانه'!$K:$K,'لیست واریزی ماهیانه'!$G:$G,'لیست واریزی کل خیرین'!S$3,'لیست واریزی ماهیانه'!$B:$B,'لیست واریزی کل خیرین'!$B:$B,'لیست واریزی ماهیانه'!$I:$I,S$2) -> 50000000 | ... BG43: =SUMIFS('لیست واریزی ماهیانه'!$K:$K,'لیست واریزی ماهیانه'!$G:$G,'لیست واریزی کل خیرین'!BG$3,'لیست واریزی ماهیانه'!$B:$B,'لیست واریزی کل خیرین'!$B:$B,'لیست واریزی ماهیانه'!$I:$I,BG$2) -> 0
B44: 41 | D44: محمد | E44: امینی | F44: =SUMIFS(Table1[مبلغ واریزی],Table1[ردیف],$B44,Table1[سال],F$2) -> 20000000 | G44: =SUMIFS(Table1[مبلغ واریزی],Table1[ردیف],$B44,Table1[سال],G$2) -> 0 | H44: =SUMIFS(Table1[مبلغ واریزی],Table1[ردیف],$B44,Table1[سال],H$2) -> 0 | I44: =SUMIFS(Table1[توضیحات ‍‍‍‍],Table1[نام],$B44,Table1[شماره فیش],I$2) -> 0 | J44: =SUMIF('لیست واریزی ماهیانه'!B:B,'لیست واریزی کل خیرین'!$B44,'لیست واریزی ماهیانه'!K:K) -> 23000000 | L44: =SUMIFS('لیست واریزی ماهیانه'!$K:$K,'لیست واریزی ماهیانه'!$G:$G,'لیست واریزی کل خیرین'!L$3,'لیست واریزی ماهیانه'!$B:$B,'لیست واریزی کل خیرین'!$B:$B,'لیست واریزی ماهیانه'!$I:$I,L$2) -> 0 | M44: =SUMIFS('لیست واریزی ماهیانه'!$K:$K,'لیست واریزی ماهیانه'!$G:$G,'لیست واریزی کل خیرین'!M$3,'لیست واریزی ماهیانه'!$B:$B,'لیست واریزی کل خیرین'!$B:$B,'لیست واریزی ماهیانه'!$I:$I,M$2) -> 0 | N44: =SUMIFS('لیست واریزی ماهیانه'!$K:$K,'لیست واریزی ماهیانه'!$G:$G,'لیست واریزی کل خیرین'!N$3,'لیست واریزی ماهیانه'!$B:$B,'لیست واریزی کل خیرین'!$B:$B,'لیست واریزی ماهیانه'!$I:$I,N$2) -> 0 | O44: =SUMIFS('لیست واریزی ماهیانه'!$K:$K,'لیست واریزی ماهیانه'!$G:$G,'لیست واریزی کل خیرین'!O$3,'لیست واریزی ماهیانه'!$B:$B,'لیست واریزی کل خیرین'!$B:$B,'لیست واریزی ماهیانه'!$I:$I,O$2) -> 0 | P44: =SUMIFS('لیست واریزی ماهیانه'!$K:$K,'لیست واریزی ماهیانه'!$G:$G,'لیست واریزی کل خیرین'!P$3,'لیست واریزی ماهیانه'!$B:$B,'لیست واریزی کل خیرین'!$B:$B,'لیست واریزی ماهیانه'!$I:$I,P$2) -> 0 | Q44: =SUMIFS('لیست واریزی ماهیانه'!$K:$K,'لیست واریزی ماهیانه'!$G:$G,'لیست واریزی کل خیرین'!Q$3,'لیست واریزی ماهیانه'!$B:$B,'لیست واریزی کل خیرین'!$B:$B,'لیست واریزی ماهیانه'!$I:$I,Q$2) -> 5000000 | R44: =SUMIFS('لیست واریزی ماهیانه'!$K:$K,'لیست واریزی ماهیانه'!$G:$G,'لیست واریزی کل خیرین'!R$3,'لیست واریزی ماهیانه'!$B:$B,'لیست واریزی کل خیرین'!$B:$B,'لیست واریزی ماهیانه'!$I:$I,R$2) -> 5000000 | S44: =SUMIFS('لیست واریزی ماهیانه'!$K:$K,'لیست واریزی ماهیانه'!$G:$G,'لیست واریزی کل خیرین'!S$3,'لیست واریزی ماهیانه'!$B:$B,'لیست واریزی کل خیرین'!$B:$B,'لیست واریزی ماهیانه'!$I:$I,S$2) -> 5000000 | ... BG44: =SUMIFS('لیست واریزی ماهیانه'!$K:$K,'لیست واریزی ماهیانه'!$G:$G,'لیست واریزی کل خیرین'!BG$3,'لیست واریزی ماهیانه'!$B:$B,'لیست واریزی کل خیرین'!$B:$B,'لیست واریزی ماهیانه'!$I:$I,BG$2) -> 0
B45: 42 | C45: موردی | D45: بابک | E45: امیری | F45: =SUMIFS(Table1[مبلغ واریزی],Table1[ردیف],$B45,Table1[سال],F$2) -> 51175000 | G45: =SUMIFS(Table1[مبلغ واریزی],Table1[ردیف],$B45,Table1[سال],G$2) -> 0 | H45: =SUMIFS(Table1[مبلغ واریزی],Table1[ردیف],$B45,Table1[سال],H$2) -> 0 | I45: =SUMIFS(Table1[توضیحات ‍‍‍‍],Table1[نام],$B45,Table1[شماره فیش],I$2) -> 0 | J45: =SUMIF('لیست واریزی ماهیانه'!B:B,'لیست واریزی کل خیرین'!$B45,'لیست واریزی ماهیانه'!K:K) -> 51175000 | L45: =SUMIFS('لیست واریزی ماهیانه'!$K:$K,'لیست واریزی ماهیانه'!$G:$G,'لیست واریزی کل خیرین'!L$3,'لیست واریزی ماهیانه'!$B:$B,'لیست واریزی کل خیرین'!$B:$B,'لیست واریزی ماهیانه'!$I:$I,L$2) -> 0 | M45: =SUMIFS('لیست واریزی ماهیانه'!$K:$K,'لیست واریزی ماهیانه'!$G:$G,'لیست واریزی کل خیرین'!M$3,'لیست واریزی ماهیانه'!$B:$B,'لیست واریزی کل خیرین'!$B:$B,'لیست واریزی ماهیانه'!$I:$I,M$2) -> 0 | N45: =SUMIFS('لیست واریزی ماهیانه'!$K:$K,'لیست واریزی ماهیانه'!$G:$G,'لیست واریزی کل خیرین'!N$3,'لیست واریزی ماهیانه'!$B:$B,'لیست واریزی کل خیرین'!$B:$B,'لیست واریزی ماهیانه'!$I:$I,N$2) -> 0 | O45: =SUMIFS('لیست واریزی ماهیانه'!$K:$K,'لیست واریزی ماهیانه'!$G:$G,'لیست واریزی کل خیرین'!O$3,'لیست واریزی ماهیانه'!$B:$B,'لیست واریزی کل خیرین'!$B:$B,'لیست واریزی ماهیانه'!$I:$I,O$2) -> 0 | P45: =SUMIFS('لیست واریزی ماهیانه'!$K:$K,'لیست واریزی ماهیانه'!$G:$G,'لیست واریزی کل خیرین'!P$3,'لیست واریزی ماهیانه'!$B:$B,'لیست واریزی کل خیرین'!$B:$B,'لیست واریزی ماهیانه'!$I:$I,P$2) -> 0 | Q45: =SUMIFS('لیست واریزی ماهیانه'!$K:$K,'لیست واریزی ماهیانه'!$G:$G,'لیست واریزی کل خیرین'!Q$3,'لیست واریزی ماهیانه'!$B:$B,'لیست واریزی کل خیرین'!$B:$B,'لیست واریزی ماهیانه'!$I:$I,Q$2) -> 11500000 | R45: =SUMIFS('لیست واریزی ماهیانه'!$K:$K,'لیست واریزی ماهیانه'!$G:$G,'لیست واریزی کل خیرین'!R$3,'لیست واریزی ماهیانه'!$B:$B,'لیست واریزی کل خیرین'!$B:$B,'لیست واریزی ماهیانه'!$I:$I,R$2) -> 12250000 | S45: =SUMIFS('لیست واریزی ماهیانه'!$K:$K,'لیست واریزی ماهیانه'!$G:$G,'لیست واریزی کل خیرین'!S$3,'لیست واریزی ماهیانه'!$B:$B,'لیست واریزی کل خیرین'!$B:$B,'لیست واریزی ماهیانه'!$I:$I,S$2) -> 13625000 | ... BG45: =SUMIFS('لیست واریزی ماهیانه'!$K:$K,'لیست واریزی ماهیانه'!$G:$G,'لیست واریزی کل خیرین'!BG$3,'لیست واریزی ماهیانه'!$B:$B,'لیست واریزی کل خیرین'!$B:$B,'لیست واریزی ماهیانه'!$I:$I,BG$2) -> 0
B46: 43 | D46: حمید | E46: پوستی | F46: =SUMIFS(Table1[مبلغ واریزی],Table1[ردیف],$B46,Table1[سال],F$2) -> 3500000 | G46: =SUMIFS(Table1[مبلغ واریزی],Table1[ردیف],$B46,Table1[سال],G$2) -> 0 | H46: =SUMIFS(Table1[مبلغ واریزی],Table1[ردیف],$B46,Table1[سال],H$2) -> 0 | I46: =SUMIFS(Table1[توضیحات ‍‍‍‍],Table1[نام],$B46,Table1[شماره فیش],I$2) -> 0 | J46: =SUMIF('لیست واریزی ماهیانه'!B:B,'لیست واریزی کل خیرین'!$B46,'لیست واریزی ماهیانه'!K:K) -> 3500000 | L46: =SUMIFS('لیست واریزی ماهیانه'!$K:$K,'لیست واریزی ماهیانه'!$G:$G,'لیست واریزی کل خیرین'!L$3,'لیست واریزی ماهیانه'!$B:$B,'لیست واریزی کل خیرین'!$B:$B,'لیست واریزی ماهیانه'!$I:$I,L$2) -> 0 | M46: =SUMIFS('لیست واریزی ماهیانه'!$K:$K,'لیست واریزی ماهیانه'!$G:$G,'لیست واریزی کل خیرین'!M$3,'لیست واریزی ماهیانه'!$B:$B,'لیست واریزی کل خیرین'!$B:$B,'لیست واریزی ماهیانه'!$I:$I,M$2) -> 0 | N46: =SUMIFS('لیست واریزی ماهیانه'!$K:$K,'لیست واریزی ماهیانه'!$G:$G,'لیست واریزی کل خیرین'!N$3,'لیست واریزی ماهیانه'!$B:$B,'لیست واریزی کل خیرین'!$B:$B,'لیست واریزی ماهیانه'!$I:$I,N$2) -> 0 | O46: =SUMIFS('لیست واریزی ماهیانه'!$K:$K,'لیست واریزی ماهیانه'!$G:$G,'لیست واریزی کل خیرین'!O$3,'لیست واریزی ماهیانه'!$B:$B,'لیست واریزی کل خیرین'!$B:$B,'لیست واریزی ماهیانه'!$I:$I,O$2) -> 0 | P46: =SUMIFS('لیست واریزی ماهیانه'!$K:$K,'لیست واریزی ماهیانه'!$G:$G,'لیست واریزی کل خیرین'!P$3,'لیست واریزی ماهیانه'!$B:$B,'لیست واریزی کل خیرین'!$B:$B,'لیست واریزی ماهیانه'!$I:$I,P$2) -> 0 | Q46: =SUMIFS('لیست واریزی ماهیانه'!$K:$K,'لیست واریزی ماهیانه'!$G:$G,'لیست واریزی کل خیرین'!Q$3,'لیست واریزی ماهیانه'!$B:$B,'لیست واریزی کل خیرین'!$B:$B,'لیست واریزی ماهیانه'!$I:$I,Q$2) -> 3500000 | R46: =SUMIFS('لیست واریزی ماهیانه'!$K:$K,'لیست واریزی ماهیانه'!$G:$G,'لیست واریزی کل خیرین'!R$3,'لیست واریزی ماهیانه'!$B:$B,'لیست واریزی کل خیرین'!$B:$B,'لیست واریزی ماهیانه'!$I:$I,R$2) -> 0 | S46: =SUMIFS('لیست واریزی ماهیانه'!$K:$K,'لیست واریزی ماهیانه'!$G:$G,'لیست واریزی کل خیرین'!S$3,'لیست واریزی ماهیانه'!$B:$B,'لیست واریزی کل خیرین'!$B:$B,'لیست واریزی ماهیانه'!$I:$I,S$2) -> 0 | ... BG46: =SUMIFS('لیست واریزی ماهیانه'!$K:$K,'لیست واریزی ماهیانه'!$G:$G,'لیست واریزی کل خیرین'!BG$3,'لیست واریزی ماهیانه'!$B:$B,'لیست واریزی کل خیرین'!$B:$B,'لیست واریزی ماهیانه'!$I:$I,BG$2) -> 0
B47: 44 | C47: موردی | D47: شایا | E47: شاهرضایی | F47: =SUMIFS(Table1[مبلغ واریزی],Table1[ردیف],$B47,Table1[سال],F$2) -> 15000000 | G47: =SUMIFS(Table1[مبلغ واریزی],Table1[ردیف],$B47,Table1[سال],G$2) -> 19000000 | H47: =SUMIFS(Table1[مبلغ واریزی],Table1[ردیف],$B47,Table1[سال],H$2) -> 0 | I47: =SUMIFS(Table1[توضیحات ‍‍‍‍],Table1[نام],$B47,Table1[شماره فیش],I$2) -> 0 | J47: =SUMIF('لیست واریزی ماهیانه'!B:B,'لیست واریزی کل خیرین'!$B47,'لیست واریزی ماهیانه'!K:K) -> 34000000 | L47: =SUMIFS('لیست واریزی ماهیانه'!$K:$K,'لیست واریزی ماهیانه'!$G:$G,'لیست واریزی کل خیرین'!L$3,'لیست واریزی ماهیانه'!$B:$B,'لیست واریزی کل خیرین'!$B:$B,'لیست واریزی ماهیانه'!$I:$I,L$2) -> 0 | M47: =SUMIFS('لیست واریزی ماهیانه'!$K:$K,'لیست واریزی ماهیانه'!$G:$G,'لیست واریزی کل خیرین'!M$3,'لیست واریزی ماهیانه'!$B:$B,'لیست واریزی کل خیرین'!$B:$B,'لیست واریزی ماهیانه'!$I:$I,M$2) -> 0 | N47: =SUMIFS('لیست واریزی ماهیانه'!$K:$K,'لیست واریزی ماهیانه'!$G:$G,'لیست واریزی کل خیرین'!N$3,'لیست واریزی ماهیانه'!$B:$B,'لیست واریزی کل خیرین'!$B:$B,'لیست واریزی ماهیانه'!$I:$I,N$2) -> 0 | O47: =SUMIFS('لیست واریزی ماهیانه'!$K:$K,'لیست واریزی ماهیانه'!$G:$G,'لیست واریزی کل خیرین'!O$3,'لیست واریزی ماهیانه'!$B:$B,'لیست واریزی کل خیرین'!$B:$B,'لیست واریزی ماهیانه'!$I:$I,O$2) -> 0 | P47: =SUMIFS('لیست واریزی ماهیانه'!$K:$K,'لیست واریزی ماهیانه'!$G:$G,'لیست واریزی کل خیرین'!P$3,'لیست واریزی ماهیانه'!$B:$B,'لیست واریزی کل خیرین'!$B:$B,'لیست واریزی ماهیانه'!$I:$I,P$2) -> 0 | Q47: =SUMIFS('لیست واریزی ماهیانه'!$K:$K,'لیست واریزی ماهیانه'!$G:$G,'لیست واریزی کل خیرین'!Q$3,'لیست واریزی ماهیانه'!$B:$B,'لیست واریزی کل خیرین'!$B:$B,'لیست واریزی ماهیانه'!$I:$I,Q$2) -> 10000000 | R47: =SUMIFS('لیست واریزی ماهیانه'!$K:$K,'لیست واریزی ماهیانه'!$G:$G,'لیست واریزی کل خیرین'!R$3,'لیست واریزی ماهیانه'!$B:$B,'لیست واریزی کل خیرین'!$B:$B,'لیست واریزی ماهیانه'!$I:$I,R$2) -> 5000000 | S47: =SUMIFS('لیست واریزی ماهیانه'!$K:$K,'لیست واریزی ماهیانه'!$G:$G,'لیست واریزی کل خیرین'!S$3,'لیست واریزی ماهیانه'!$B:$B,'لیست واریزی کل خیرین'!$B:$B,'لیست واریزی ماهیانه'!$I:$I,S$2) -> 0 | ... BG47: =SUMIFS('لیست واریزی ماهیانه'!$K:$K,'لیست واریزی ماهیانه'!$G:$G,'لیست واریزی کل خیرین'!BG$3,'لیست واریزی ماهیانه'!$B:$B,'لیست واریزی کل خیرین'!$B:$B,'لیست واریزی ماهیانه'!$I:$I,BG$2) -> 0
